Date,Park_Name,Is_Weekend,Is_Holiday,Ticket_Price,Base_Visitors,Max_Temp,Avg_Temp,Rainfall,Adjusted_Visitors,Adjusted_Revenue,rowid
1/1/18,Magic Kingdom,0,1,129,80523,59,56,0.07,65224,8413848,1
1/1/18,Hollywood Studios,0,1,122,37290,59,56,0.07,30205,3684998,2
1/1/18,Animal Kingdom,0,1,122,36954,59,56,0.07,29933,3651794,3
1/1/18,Epcot,0,1,122,43689,59,56,0.07,35388,4317347,4
1/1/18,Universal Studios,0,1,124,44093,59,56,0.07,35715,4428701,5
1/1/18,Islands of Adventure,0,1,124,43835,59,56,0.07,35506,4402787,6
1/2/18,Magic Kingdom,0,0,109,64212,55,48,0.0,54901,5984237,7
1/2/18,Hollywood Studios,0,0,102,30120,55,48,0.0,25753,2626765,8
1/2/18,Animal Kingdom,0,0,102,32915,55,48,0.0,28142,2870517,9
1/2/18,Epcot,0,0,102,27264,55,48,0.0,23311,2377693,10
1/2/18,Universal Studios,0,0,115,36839,55,48,0.0,31497,3622195,11
1/2/18,Islands of Adventure,0,0,115,31209,55,48,0.0,26684,3068625,12
1/3/18,Magic Kingdom,0,0,109,60068,52,48,1.15,41087,4478430,13
1/3/18,Hollywood Studios,0,0,102,36065,52,48,1.15,24668,2516183,14
1/3/18,Animal Kingdom,0,0,102,29884,52,48,1.15,20441,2084947,15
1/3/18,Epcot,0,0,102,25794,52,48,1.15,17643,1799596,16
1/3/18,Universal Studios,0,0,115,35581,52,48,1.15,24337,2798801,17
1/3/18,Islands of Adventure,0,0,115,29847,52,48,1.15,20415,2347765,18
1/4/18,Magic Kingdom,0,0,109,61251,53,41,0.0,52370,5708287,19
1/4/18,Hollywood Studios,0,0,102,31074,53,41,0.0,26568,2709964,20
1/4/18,Animal Kingdom,0,0,102,30420,53,41,0.0,26009,2652928,21
1/4/18,Epcot,0,0,102,29769,53,41,0.0,25452,2596154,22
1/4/18,Universal Studios,0,0,115,35092,53,41,0.0,30004,3450421,23
1/4/18,Islands of Adventure,0,0,115,27479,53,41,0.0,23495,2701873,24
1/5/18,Magic Kingdom,0,0,109,63027,55,42,0.0,53888,5873801,25
1/5/18,Hollywood Studios,0,0,102,32916,55,42,0.0,28143,2870604,26
1/5/18,Animal Kingdom,0,0,102,32922,55,42,0.0,28148,2871128,27
1/5/18,Epcot,0,0,102,29649,55,42,0.0,25350,2585689,28
1/5/18,Universal Studios,0,0,115,38330,55,42,0.0,32772,3768797,29
1/5/18,Islands of Adventure,0,0,115,25311,55,42,0.0,21641,2488704,30
1/6/18,Magic Kingdom,1,0,109,84222,58,46,0.0,72010,7849069,31
1/6/18,Hollywood Studios,1,0,102,37446,58,46,0.0,32016,3265666,32
1/6/18,Animal Kingdom,1,0,102,32444,58,46,0.0,27740,2829441,33
1/6/18,Epcot,1,0,102,36955,58,46,0.0,31597,3222846,34
1/6/18,Universal Studios,1,0,115,40148,58,46,0.0,34327,3947552,35
1/6/18,Islands of Adventure,1,0,115,41012,58,46,0.0,35065,4032505,36
1/7/18,Magic Kingdom,1,0,109,83655,66,50,0.0,71525,7796228,37
1/7/18,Hollywood Studios,1,0,102,43596,66,50,0.0,37275,3802007,38
1/7/18,Animal Kingdom,1,0,102,30795,66,50,0.0,26330,2685632,39
1/7/18,Epcot,1,0,102,40543,66,50,0.0,34664,3535755,40
1/7/18,Universal Studios,1,0,115,40202,66,50,0.0,34373,3952862,41
1/7/18,Islands of Adventure,1,0,115,37799,66,50,0.0,32318,3716587,42
1/8/18,Magic Kingdom,0,0,109,61940,72,59,0.0,55746,6076314,43
1/8/18,Hollywood Studios,0,0,102,37329,72,59,0.0,33596,3426802,44
1/8/18,Animal Kingdom,0,0,102,26950,72,59,0.0,24255,2474010,45
1/8/18,Epcot,0,0,102,25948,72,59,0.0,23353,2382026,46
1/8/18,Universal Studios,0,0,115,42627,72,59,0.0,38364,4411895,47
1/8/18,Islands of Adventure,0,0,115,33547,72,59,0.0,30192,3472115,48
1/9/18,Magic Kingdom,0,0,109,64244,77,65,0.0,57820,6302336,49
1/9/18,Hollywood Studios,0,0,102,33856,77,65,0.0,30470,3107981,50
1/9/18,Animal Kingdom,0,0,102,30134,77,65,0.0,27121,2766301,51
1/9/18,Epcot,0,0,102,28785,77,65,0.0,25907,2642463,52
1/9/18,Universal Studios,0,0,115,36986,77,65,0.0,33287,3828051,53
1/9/18,Islands of Adventure,0,0,115,33083,77,65,0.0,29775,3424091,54
1/10/18,Magic Kingdom,0,0,109,62314,75,68,0.02,50474,5501703,55
1/10/18,Hollywood Studios,0,0,102,39401,75,68,0.02,31915,3255311,56
1/10/18,Animal Kingdom,0,0,102,34644,75,68,0.02,28062,2862287,57
1/10/18,Epcot,0,0,102,25568,75,68,0.02,20710,2112428,58
1/10/18,Universal Studios,0,0,115,40928,75,68,0.02,33152,3812443,59
1/10/18,Islands of Adventure,0,0,115,29391,75,68,0.02,23807,2737772,60
1/11/18,Magic Kingdom,0,0,109,62614,82,70,0.0,56353,6142433,61
1/11/18,Hollywood Studios,0,0,102,30059,82,70,0.0,27053,2759416,62
1/11/18,Animal Kingdom,0,0,102,33521,82,70,0.0,30169,3077228,63
1/11/18,Epcot,0,0,102,27418,82,70,0.0,24676,2516972,64
1/11/18,Universal Studios,0,0,115,40878,82,70,0.0,36790,4230873,65
1/11/18,Islands of Adventure,0,0,115,31544,82,70,0.0,28390,3264804,66
1/12/18,Magic Kingdom,0,0,109,62046,81,70,0.05,50257,5478041,67
1/12/18,Hollywood Studios,0,0,102,39414,81,70,0.05,31925,3256385,68
1/12/18,Animal Kingdom,0,0,102,30157,81,70,0.05,24427,2491571,69
1/12/18,Epcot,0,0,102,29557,81,70,0.05,23941,2441999,70
1/12/18,Universal Studios,0,0,115,35544,81,70,0.05,28791,3310924,71
1/12/18,Islands of Adventure,0,0,115,37576,81,70,0.05,30437,3500204,72
1/13/18,Magic Kingdom,1,0,109,87723,63,60,0.0,78951,8605626,73
1/13/18,Hollywood Studios,1,0,102,37095,63,60,0.0,33386,3405321,74
1/13/18,Animal Kingdom,1,0,102,37845,63,60,0.0,34061,3474171,75
1/13/18,Epcot,1,0,102,44665,63,60,0.0,40199,4100247,76
1/13/18,Universal Studios,1,0,115,53214,63,60,0.0,47893,5507649,77
1/13/18,Islands of Adventure,1,0,115,42453,63,60,0.0,38208,4393886,78
1/14/18,Magic Kingdom,1,0,109,87007,61,49,0.0,74391,8108617,79
1/14/18,Hollywood Studios,1,0,102,39475,61,49,0.0,33751,3442615,80
1/14/18,Animal Kingdom,1,0,102,38392,61,49,0.0,32825,3348166,81
1/14/18,Epcot,1,0,102,39298,61,49,0.0,33600,3427179,82
1/14/18,Universal Studios,1,0,115,48090,61,49,0.0,41117,4728449,83
1/14/18,Islands of Adventure,1,0,115,39226,61,49,0.0,33538,3856896,84
1/15/18,Magic Kingdom,0,1,129,89738,66,52,0.0,76726,9897653,85
1/15/18,Hollywood Studios,0,1,122,44448,66,52,0.0,38003,4636371,86
1/15/18,Animal Kingdom,0,1,122,37390,66,52,0.0,31968,3900151,87
1/15/18,Epcot,0,1,122,40049,66,52,0.0,34242,4177511,88
1/15/18,Universal Studios,0,1,124,46682,66,52,0.0,39913,4949226,89
1/15/18,Islands of Adventure,0,1,124,44807,66,52,0.0,38310,4750438,90
1/16/18,Magic Kingdom,0,0,109,61008,73,55,0.0,54907,5984885,91
1/16/18,Hollywood Studios,0,0,102,30061,73,55,0.0,27055,2759600,92
1/16/18,Animal Kingdom,0,0,102,25741,73,55,0.0,23167,2363024,93
1/16/18,Epcot,0,0,102,29795,73,55,0.0,26816,2735181,94
1/16/18,Universal Studios,0,0,115,38048,73,55,0.0,34243,3937968,95
1/16/18,Islands of Adventure,0,0,115,28487,73,55,0.0,25638,2948405,96
1/17/18,Magic Kingdom,0,0,109,63091,71,57,0.0,56782,6189227,97
1/17/18,Hollywood Studios,0,0,102,32173,71,57,0.0,28956,2953481,98
1/17/18,Animal Kingdom,0,0,102,29545,71,57,0.0,26591,2712231,99
1/17/18,Epcot,0,0,102,26152,71,57,0.0,23537,2400754,100
1/17/18,Universal Studios,0,0,115,44325,71,57,0.0,39893,4587638,101
1/17/18,Islands of Adventure,0,0,115,29533,71,57,0.0,26580,3056666,102
1/18/18,Magic Kingdom,0,0,109,61082,53,41,0.0,52225,5692537,103
1/18/18,Hollywood Studios,0,0,102,36736,53,41,0.0,31409,3203747,104
1/18/18,Animal Kingdom,0,0,102,34800,53,41,0.0,29754,3034908,105
1/18/18,Epcot,0,0,102,28649,53,41,0.0,24495,2498479,106
1/18/18,Universal Studios,0,0,115,42675,53,41,0.0,36487,4196019,107
1/18/18,Islands of Adventure,0,0,115,27300,53,41,0.0,23342,2684273,108
1/19/18,Magic Kingdom,0,0,109,64242,66,47,0.0,54927,5987033,109
1/19/18,Hollywood Studios,0,0,102,38711,66,47,0.0,33098,3375986,110
1/19/18,Animal Kingdom,0,0,102,30163,66,47,0.0,25789,2630515,111
1/19/18,Epcot,0,0,102,26586,66,47,0.0,22731,2318565,112
1/19/18,Universal Studios,0,0,115,37600,66,47,0.0,32148,3697020,113
1/19/18,Islands of Adventure,0,0,115,26205,66,47,0.0,22405,2576607,114
1/20/18,Magic Kingdom,1,0,109,87849,71,56,0.0,79064,8617987,115
1/20/18,Hollywood Studios,1,0,102,38483,71,56,0.0,34635,3532739,116
1/20/18,Animal Kingdom,1,0,102,33303,71,56,0.0,29973,3057215,117
1/20/18,Epcot,1,0,102,36933,71,56,0.0,33240,3390449,118
1/20/18,Universal Studios,1,0,115,51284,71,56,0.0,46156,5307894,119
1/20/18,Islands of Adventure,1,0,115,42094,71,56,0.0,37885,4356729,120
1/21/18,Magic Kingdom,1,0,109,88416,78,63,0.0,79574,8673610,121
1/21/18,Hollywood Studios,1,0,102,35689,78,63,0.0,32120,3276250,122
1/21/18,Animal Kingdom,1,0,102,34094,78,63,0.0,30685,3129829,123
1/21/18,Epcot,1,0,102,36951,78,63,0.0,33256,3392102,124
1/21/18,Universal Studios,1,0,115,54205,78,63,0.0,48785,5610218,125
1/21/18,Islands of Adventure,1,0,115,35439,78,63,0.0,31895,3667937,126
1/22/18,Magic Kingdom,0,0,109,64551,81,67,0.0,58096,6332453,127
1/22/18,Hollywood Studios,0,0,102,32034,81,67,0.0,28831,2940721,128
1/22/18,Animal Kingdom,0,0,102,33961,81,67,0.0,30565,3117620,129
1/22/18,Epcot,0,0,102,25296,81,67,0.0,22766,2322173,130
1/22/18,Universal Studios,0,0,115,43701,81,67,0.0,39331,4523054,131
1/22/18,Islands of Adventure,0,0,115,26081,81,67,0.0,23473,2699384,132
1/23/18,Magic Kingdom,0,0,109,62907,83,71,0.04,50955,5554059,133
1/23/18,Hollywood Studios,0,0,102,33179,83,71,0.04,26875,2741249,134
1/23/18,Animal Kingdom,0,0,102,34056,83,71,0.04,27585,2813707,135
1/23/18,Epcot,0,0,102,26224,83,71,0.04,21241,2166627,136
1/23/18,Universal Studios,0,0,115,35882,83,71,0.04,29064,3342408,137
1/23/18,Islands of Adventure,0,0,115,31759,83,71,0.04,25725,2958351,138
1/24/18,Magic Kingdom,0,0,109,63082,71,62,0.0,56774,6188344,139
1/24/18,Hollywood Studios,0,0,102,39234,71,62,0.0,35311,3601681,140
1/24/18,Animal Kingdom,0,0,102,33423,71,62,0.0,30081,3068231,141
1/24/18,Epcot,0,0,102,26462,71,62,0.0,23816,2429212,142
1/24/18,Universal Studios,0,0,115,42862,71,62,0.0,38576,4436217,143
1/24/18,Islands of Adventure,0,0,115,39060,71,62,0.0,35154,4042710,144
1/25/18,Magic Kingdom,0,0,109,60861,70,58,0.0,54775,5970464,145
1/25/18,Hollywood Studios,0,0,102,38049,70,58,0.0,34244,3492898,146
1/25/18,Animal Kingdom,0,0,102,25920,70,58,0.0,23328,2379456,147
1/25/18,Epcot,0,0,102,25528,70,58,0.0,22975,2343470,148
1/25/18,Universal Studios,0,0,115,44852,70,58,0.0,40367,4642182,149
1/25/18,Islands of Adventure,0,0,115,25652,70,58,0.0,23087,2654982,150
1/26/18,Magic Kingdom,0,0,109,63368,75,60,0.0,57031,6216401,151
1/26/18,Hollywood Studios,0,0,102,35533,75,60,0.0,31980,3261929,152
1/26/18,Animal Kingdom,0,0,102,34423,75,60,0.0,30981,3160031,153
1/26/18,Epcot,0,0,102,28017,75,60,0.0,25215,2571961,154
1/26/18,Universal Studios,0,0,115,43164,75,60,0.0,38848,4467474,155
1/26/18,Islands of Adventure,0,0,115,29300,75,60,0.0,26370,3032550,156
1/27/18,Magic Kingdom,1,0,109,80138,77,67,0.0,72124,7861538,157
1/27/18,Hollywood Studios,1,0,102,42979,77,67,0.0,38681,3945472,158
1/27/18,Animal Kingdom,1,0,102,30435,77,67,0.0,27392,2793933,159
1/27/18,Epcot,1,0,102,39409,77,67,0.0,35468,3617746,160
1/27/18,Universal Studios,1,0,115,43898,77,67,0.0,39508,4543443,161
1/27/18,Islands of Adventure,1,0,115,40200,77,67,0.0,36180,4160700,162
1/28/18,Magic Kingdom,1,0,109,85511,80,68,0.34,69264,7549766,163
1/28/18,Hollywood Studios,1,0,102,43696,80,68,0.34,35394,3610164,164
1/28/18,Animal Kingdom,1,0,102,32099,80,68,0.34,26000,2652019,165
1/28/18,Epcot,1,0,102,39917,80,68,0.34,32333,3297943,166
1/28/18,Universal Studios,1,0,115,42123,80,68,0.34,34120,3923757,167
1/28/18,Islands of Adventure,1,0,115,37977,80,68,0.34,30761,3537558,168
1/29/18,Magic Kingdom,0,0,109,64384,74,69,0.43,52151,5684463,169
1/29/18,Hollywood Studios,0,0,102,35721,74,69,0.43,28934,2951269,170
1/29/18,Animal Kingdom,0,0,102,31720,74,69,0.43,25693,2620706,171
1/29/18,Epcot,0,0,102,29326,74,69,0.43,23754,2422914,172
1/29/18,Universal Studios,0,0,115,38211,74,69,0.43,30951,3559355,173
1/29/18,Islands of Adventure,0,0,115,32686,74,69,0.43,26476,3044701,174
1/30/18,Magic Kingdom,0,0,109,63573,64,56,0.0,57216,6236511,175
1/30/18,Hollywood Studios,0,0,102,35050,64,56,0.0,31545,3217590,176
1/30/18,Animal Kingdom,0,0,102,31204,64,56,0.0,28084,2864527,177
1/30/18,Epcot,0,0,102,29610,64,56,0.0,26649,2718198,178
1/30/18,Universal Studios,0,0,115,41198,64,56,0.0,37078,4263993,179
1/30/18,Islands of Adventure,0,0,115,28413,64,56,0.0,25572,2940746,180
1/31/18,Magic Kingdom,0,0,109,64761,70,53,0.0,55371,6035401,181
1/31/18,Hollywood Studios,0,0,102,35462,70,53,0.0,30320,3092641,182
1/31/18,Animal Kingdom,0,0,102,28540,70,53,0.0,24402,2488973,183
1/31/18,Epcot,0,0,102,28038,70,53,0.0,23972,2445194,184
1/31/18,Universal Studios,0,0,115,37391,70,53,0.0,31969,3676470,185
1/31/18,Islands of Adventure,0,0,115,27867,70,53,0.0,23826,2740023,186
2/1/18,Magic Kingdom,0,0,109,60390,75,60,0.0,54351,5924259,187
2/1/18,Hollywood Studios,0,0,102,39237,75,60,0.0,35313,3601957,188
2/1/18,Animal Kingdom,0,0,102,30848,75,60,0.0,27763,2831846,189
2/1/18,Epcot,0,0,102,29539,75,60,0.0,26585,2711680,190
2/1/18,Universal Studios,0,0,115,42823,75,60,0.0,38541,4432181,191
2/1/18,Islands of Adventure,0,0,115,33551,75,60,0.0,30196,3472529,192
2/2/18,Magic Kingdom,0,0,109,62795,76,64,0.0,56516,6160190,193
2/2/18,Hollywood Studios,0,0,102,36162,76,64,0.0,32546,3319672,194
2/2/18,Animal Kingdom,0,0,102,32615,76,64,0.0,29354,2994057,195
2/2/18,Epcot,0,0,102,25463,76,64,0.0,22917,2337503,196
2/2/18,Universal Studios,0,0,115,40793,76,64,0.0,36714,4222076,197
2/2/18,Islands of Adventure,0,0,115,30199,76,64,0.0,27179,3125597,198
2/3/18,Magic Kingdom,1,0,109,82667,69,61,0.0,74400,8109633,199
2/3/18,Hollywood Studios,1,0,102,39280,69,61,0.0,35352,3605904,200
2/3/18,Animal Kingdom,1,0,102,36221,69,61,0.0,32599,3325088,201
2/3/18,Epcot,1,0,102,39237,69,61,0.0,35313,3601957,202
2/3/18,Universal Studios,1,0,115,52682,69,61,0.0,47414,5452587,203
2/3/18,Islands of Adventure,1,0,115,40722,69,61,0.0,36650,4214727,204
2/4/18,Magic Kingdom,1,0,109,77831,77,66,0.35,63043,6871699,205
2/4/18,Hollywood Studios,1,0,102,35151,77,66,0.35,28472,2904176,206
2/4/18,Animal Kingdom,1,0,102,38670,77,66,0.35,31323,3194915,207
2/4/18,Epcot,1,0,102,40417,77,66,0.35,32738,3339253,208
2/4/18,Universal Studios,1,0,115,45186,77,66,0.35,36601,4209076,209
2/4/18,Islands of Adventure,1,0,115,38003,77,66,0.35,30782,3539979,210
2/5/18,Magic Kingdom,0,0,109,60958,76,68,0.0,54862,5979980,211
2/5/18,Hollywood Studios,0,0,102,33127,76,68,0.0,29814,3041059,212
2/5/18,Animal Kingdom,0,0,102,33873,76,68,0.0,30486,3109541,213
2/5/18,Epcot,0,0,102,29214,76,68,0.0,26293,2681845,214
2/5/18,Universal Studios,0,0,115,42368,76,68,0.0,38131,4385088,215
2/5/18,Islands of Adventure,0,0,115,37480,76,68,0.0,33732,3879180,216
2/6/18,Magic Kingdom,0,0,109,62692,83,64,0.0,56423,6150085,217
2/6/18,Hollywood Studios,0,0,102,32247,83,64,0.0,29022,2960275,218
2/6/18,Animal Kingdom,0,0,102,30018,83,64,0.0,27016,2755652,219
2/6/18,Epcot,0,0,102,29843,83,64,0.0,26859,2739587,220
2/6/18,Universal Studios,0,0,115,44411,83,64,0.0,39970,4596539,221
2/6/18,Islands of Adventure,0,0,115,27404,83,64,0.0,24664,2836314,222
2/7/18,Magic Kingdom,0,0,109,60087,82,70,0.0,54078,5894535,223
2/7/18,Hollywood Studios,0,0,102,33935,82,70,0.0,30542,3115233,224
2/7/18,Animal Kingdom,0,0,102,33218,82,70,0.0,29896,3049412,225
2/7/18,Epcot,0,0,102,26753,82,70,0.0,24078,2455925,226
2/7/18,Universal Studios,0,0,115,41892,82,70,0.0,37703,4335822,227
2/7/18,Islands of Adventure,0,0,115,35058,82,70,0.0,31552,3628503,228
2/8/18,Magic Kingdom,0,0,109,64653,82,71,0.0,58188,6342459,229
2/8/18,Hollywood Studios,0,0,102,36147,82,71,0.0,32532,3318295,230
2/8/18,Animal Kingdom,0,0,102,26417,82,71,0.0,23775,2425081,231
2/8/18,Epcot,0,0,102,29607,82,71,0.0,26646,2717923,232
2/8/18,Universal Studios,0,0,115,43747,82,71,0.0,39372,4527815,233
2/8/18,Islands of Adventure,0,0,115,33127,82,71,0.0,29814,3428645,234
2/9/18,Magic Kingdom,0,0,109,63658,83,69,0.0,57292,6244850,235
2/9/18,Hollywood Studios,0,0,102,37056,83,69,0.0,33350,3401741,236
2/9/18,Animal Kingdom,0,0,102,33127,83,69,0.0,29814,3041059,237
2/9/18,Epcot,0,0,102,25427,83,69,0.0,22884,2334199,238
2/9/18,Universal Studios,0,0,115,38788,83,69,0.0,34909,4014558,239
2/9/18,Islands of Adventure,0,0,115,37878,83,69,0.0,34090,3920373,240
2/10/18,Magic Kingdom,1,0,109,82172,86,72,0.0,73955,8061073,241
2/10/18,Hollywood Studios,1,0,102,41756,86,72,0.0,37580,3833201,242
2/10/18,Animal Kingdom,1,0,102,39290,86,72,0.0,35361,3606822,243
2/10/18,Epcot,1,0,102,36300,86,72,0.0,32670,3332340,244
2/10/18,Universal Studios,1,0,115,48738,86,72,0.0,43864,5044383,245
2/10/18,Islands of Adventure,1,0,115,43643,86,72,0.0,39279,4517051,246
2/11/18,Magic Kingdom,1,0,109,76549,87,74,0.0,68894,7509457,247
2/11/18,Hollywood Studios,1,0,102,40156,87,74,0.0,36140,3686321,248
2/11/18,Animal Kingdom,1,0,102,36647,87,74,0.0,32982,3364195,249
2/11/18,Epcot,1,0,102,43294,87,74,0.0,38965,3974389,250
2/11/18,Universal Studios,1,0,115,52472,87,74,0.0,47225,5430852,251
2/11/18,Islands of Adventure,1,0,115,35637,87,74,0.0,32073,3688430,252
2/12/18,Magic Kingdom,0,0,109,62329,86,76,0.0,56096,6114475,253
2/12/18,Hollywood Studios,0,0,102,37639,86,76,0.0,33875,3455260,254
2/12/18,Animal Kingdom,0,0,102,25227,86,76,0.0,22704,2315839,255
2/12/18,Epcot,0,0,102,28678,86,76,0.0,25810,2632640,256
2/12/18,Universal Studios,0,0,115,36458,86,76,0.0,32812,3773403,257
2/12/18,Islands of Adventure,0,0,115,39185,86,76,0.0,35267,4055648,258
2/13/18,Magic Kingdom,0,0,109,63822,84,75,0.01,51696,5634844,259
2/13/18,Hollywood Studios,0,0,102,34035,84,75,0.01,27568,2811972,260
2/13/18,Animal Kingdom,0,0,102,27011,84,75,0.01,21879,2231649,261
2/13/18,Epcot,0,0,102,25266,84,75,0.01,20465,2087477,262
2/13/18,Universal Studios,0,0,115,39384,84,75,0.01,31901,3668620,263
2/13/18,Islands of Adventure,0,0,115,37868,84,75,0.01,30673,3527404,264
2/14/18,Magic Kingdom,0,0,109,62196,78,69,0.0,55976,6101428,265
2/14/18,Hollywood Studios,0,0,102,31859,78,69,0.0,28673,2924656,266
2/14/18,Animal Kingdom,0,0,102,27257,78,69,0.0,24531,2502193,267
2/14/18,Epcot,0,0,102,27949,78,69,0.0,25154,2565718,268
2/14/18,Universal Studios,0,0,115,35629,78,69,0.0,32066,3687602,269
2/14/18,Islands of Adventure,0,0,115,39600,78,69,0.0,35640,4098600,270
2/15/18,Magic Kingdom,0,0,109,63132,83,68,0.0,56819,6193249,271
2/15/18,Hollywood Studios,0,0,102,30644,83,68,0.0,27580,2813119,272
2/15/18,Animal Kingdom,0,0,102,29472,83,68,0.0,26525,2705530,273
2/15/18,Epcot,0,0,102,26019,83,68,0.0,23417,2388544,274
2/15/18,Universal Studios,0,0,115,37290,83,68,0.0,33561,3859515,275
2/15/18,Islands of Adventure,0,0,115,39485,83,68,0.0,35537,4086698,276
2/16/18,Magic Kingdom,0,0,109,61961,85,72,0.0,55765,6078374,277
2/16/18,Hollywood Studios,0,0,102,37177,85,72,0.0,33459,3412849,278
2/16/18,Animal Kingdom,0,0,102,27184,85,72,0.0,24466,2495491,279
2/16/18,Epcot,0,0,102,26830,85,72,0.0,24147,2462994,280
2/16/18,Universal Studios,0,0,115,43087,85,72,0.0,38778,4459505,281
2/16/18,Islands of Adventure,0,0,115,27627,85,72,0.0,24864,2859395,282
2/17/18,Magic Kingdom,1,0,109,83829,84,71,0.0,75446,8223625,283
2/17/18,Hollywood Studios,1,0,102,40532,84,71,0.0,36479,3720838,284
2/17/18,Animal Kingdom,1,0,102,36135,84,71,0.0,32522,3317193,285
2/17/18,Epcot,1,0,102,40988,84,71,0.0,36889,3762698,286
2/17/18,Universal Studios,1,0,115,47037,84,71,0.0,42333,4868330,287
2/17/18,Islands of Adventure,1,0,115,38249,84,71,0.0,34424,3958772,288
2/18/18,Magic Kingdom,1,0,109,78668,86,71,0.0,70801,7717331,289
2/18/18,Hollywood Studios,1,0,102,38790,86,71,0.0,34911,3560922,290
2/18/18,Animal Kingdom,1,0,102,35256,86,71,0.0,31730,3236501,291
2/18/18,Epcot,1,0,102,44442,86,71,0.0,39998,4079776,292
2/18/18,Universal Studios,1,0,115,44447,86,71,0.0,40002,4600265,293
2/18/18,Islands of Adventure,1,0,115,43563,86,71,0.0,39207,4508771,294
2/19/18,Magic Kingdom,0,1,129,75479,84,72,0.0,67931,8763112,295
2/19/18,Hollywood Studios,0,1,122,37787,84,72,0.0,34008,4149013,296
2/19/18,Animal Kingdom,0,1,122,37386,84,72,0.0,33647,4104983,297
2/19/18,Epcot,0,1,122,35314,84,72,0.0,31783,3877477,298
2/19/18,Universal Studios,0,1,124,50792,84,72,0.0,45713,5668387,299
2/19/18,Islands of Adventure,0,1,124,37663,84,72,0.0,33897,4203191,300
2/20/18,Magic Kingdom,0,0,109,60886,87,75,0.0,54797,5972917,301
2/20/18,Hollywood Studios,0,0,102,33248,87,75,0.0,29923,3052166,302
2/20/18,Animal Kingdom,0,0,102,28943,87,75,0.0,26049,2656967,303
2/20/18,Epcot,0,0,102,26702,87,75,0.0,24032,2451244,304
2/20/18,Universal Studios,0,0,115,40989,87,75,0.0,36890,4242362,305
2/20/18,Islands of Adventure,0,0,115,27600,87,75,0.0,24840,2856600,306
2/21/18,Magic Kingdom,0,0,109,64073,85,76,0.0,57666,6285561,307
2/21/18,Hollywood Studios,0,0,102,35946,85,76,0.0,32351,3299843,308
2/21/18,Animal Kingdom,0,0,102,27369,85,76,0.0,24632,2512474,309
2/21/18,Epcot,0,0,102,26981,85,76,0.0,24283,2476856,310
2/21/18,Universal Studios,0,0,115,41941,85,76,0.0,37747,4340894,311
2/21/18,Islands of Adventure,0,0,115,27839,85,76,0.0,25055,2881337,312
2/22/18,Magic Kingdom,0,0,109,60707,85,74,0.0,54636,5955357,313
2/22/18,Hollywood Studios,0,0,102,34974,85,74,0.0,31477,3210613,314
2/22/18,Animal Kingdom,0,0,102,27655,85,74,0.0,24890,2538729,315
2/22/18,Epcot,0,0,102,29556,85,74,0.0,26600,2713241,316
2/22/18,Universal Studios,0,0,115,37486,85,74,0.0,33737,3879801,317
2/22/18,Islands of Adventure,0,0,115,37649,85,74,0.0,33884,3896672,318
2/23/18,Magic Kingdom,0,0,109,60287,85,73,0.0,54258,5914155,319
2/23/18,Hollywood Studios,0,0,102,37726,85,73,0.0,33953,3463247,320
2/23/18,Animal Kingdom,0,0,102,26278,85,73,0.0,23650,2412320,321
2/23/18,Epcot,0,0,102,27815,85,73,0.0,25034,2553417,322
2/23/18,Universal Studios,0,0,115,44718,85,73,0.0,40246,4628313,323
2/23/18,Islands of Adventure,0,0,115,26458,85,73,0.0,23812,2738403,324
2/24/18,Magic Kingdom,1,0,109,88177,85,73,0.0,79359,8650164,325
2/24/18,Hollywood Studios,1,0,102,40442,85,73,0.0,36398,3712576,326
2/24/18,Animal Kingdom,1,0,102,34830,85,73,0.0,31347,3197394,327
2/24/18,Epcot,1,0,102,37563,85,73,0.0,33807,3448283,328
2/24/18,Universal Studios,1,0,115,40638,85,73,0.0,36574,4206033,329
2/24/18,Islands of Adventure,1,0,115,36068,85,73,0.0,32461,3733038,330
2/25/18,Magic Kingdom,1,0,109,79002,87,73,0.0,71102,7750096,331
2/25/18,Hollywood Studios,1,0,102,36015,87,73,0.0,32414,3306177,332
2/25/18,Animal Kingdom,1,0,102,38733,87,73,0.0,34860,3555689,333
2/25/18,Epcot,1,0,102,40349,87,73,0.0,36314,3704038,334
2/25/18,Universal Studios,1,0,115,54224,87,73,0.0,48802,5612184,335
2/25/18,Islands of Adventure,1,0,115,35265,87,73,0.0,31739,3649928,336
2/26/18,Magic Kingdom,0,0,109,63598,88,76,0.0,57238,6238964,337
2/26/18,Hollywood Studios,0,0,102,39470,88,76,0.0,35523,3623346,338
2/26/18,Animal Kingdom,0,0,102,31460,88,76,0.0,28314,2888028,339
2/26/18,Epcot,0,0,102,25040,88,76,0.0,22536,2298672,340
2/26/18,Universal Studios,0,0,115,38346,88,76,0.0,34511,3968811,341
2/26/18,Islands of Adventure,0,0,115,36108,88,76,0.0,32497,3737178,342
2/27/18,Magic Kingdom,0,0,109,60694,84,75,0.0,54625,5954081,343
2/27/18,Hollywood Studios,0,0,102,38882,84,75,0.0,34994,3569368,344
2/27/18,Animal Kingdom,0,0,102,28227,84,75,0.0,25404,2591239,345
2/27/18,Epcot,0,0,102,28059,84,75,0.0,25253,2575816,346
2/27/18,Universal Studios,0,0,115,42052,84,75,0.0,37847,4352382,347
2/27/18,Islands of Adventure,0,0,115,28770,84,75,0.0,25893,2977695,348
2/28/18,Magic Kingdom,0,0,109,64651,85,70,0.0,58186,6342263,349
2/28/18,Hollywood Studios,0,0,102,38840,85,70,0.0,34956,3565512,350
2/28/18,Animal Kingdom,0,0,102,25650,85,70,0.0,23085,2354670,351
2/28/18,Epcot,0,0,102,29619,85,70,0.0,26657,2719024,352
2/28/18,Universal Studios,0,0,115,39788,85,70,0.0,35809,4118058,353
2/28/18,Islands of Adventure,0,0,115,35395,85,70,0.0,31856,3663383,354
3/1/18,Magic Kingdom,0,0,109,61640,87,74,0.0,55476,6046884,355
3/1/18,Hollywood Studios,0,0,102,37373,87,74,0.0,33636,3430841,356
3/1/18,Animal Kingdom,0,0,102,34433,87,74,0.0,30990,3160949,357
3/1/18,Epcot,0,0,102,28957,87,74,0.0,26061,2658253,358
3/1/18,Universal Studios,0,0,115,35468,87,74,0.0,31921,3670938,359
3/1/18,Islands of Adventure,0,0,115,39091,87,74,0.0,35182,4045919,360
3/2/18,Magic Kingdom,0,0,109,64499,84,74,0.04,52244,5694617,361
3/2/18,Hollywood Studios,0,0,102,33884,84,74,0.04,27446,2799496,362
3/2/18,Animal Kingdom,0,0,102,34631,84,74,0.04,28051,2861213,363
3/2/18,Epcot,0,0,102,27911,84,74,0.04,22608,2306007,364
3/2/18,Universal Studios,0,0,115,43918,84,74,0.04,35574,4090962,365
3/2/18,Islands of Adventure,0,0,115,31215,84,74,0.04,25284,2907677,366
3/3/18,Magic Kingdom,1,0,109,86198,74,64,0.0,77578,8456024,367
3/3/18,Hollywood Studios,1,0,102,38494,74,64,0.0,34645,3533749,368
3/3/18,Animal Kingdom,1,0,102,32121,74,64,0.0,28909,2948708,369
3/3/18,Epcot,1,0,102,39889,74,64,0.0,35900,3661810,370
3/3/18,Universal Studios,1,0,115,44715,74,64,0.0,40244,4628003,371
3/3/18,Islands of Adventure,1,0,115,37375,74,64,0.0,33638,3868313,372
3/4/18,Magic Kingdom,1,0,109,75386,72,58,0.0,67847,7395367,373
3/4/18,Hollywood Studios,1,0,102,42498,72,58,0.0,38248,3901316,374
3/4/18,Animal Kingdom,1,0,102,32484,72,58,0.0,29236,2982031,375
3/4/18,Epcot,1,0,102,39654,72,58,0.0,35689,3640237,376
3/4/18,Universal Studios,1,0,115,43224,72,58,0.0,38902,4473684,377
3/4/18,Islands of Adventure,1,0,115,41784,72,58,0.0,37606,4324644,378
3/5/18,Magic Kingdom,0,0,109,61385,77,59,0.0,55247,6021869,379
3/5/18,Hollywood Studios,0,0,102,38787,77,59,0.0,34908,3560647,380
3/5/18,Animal Kingdom,0,0,102,30840,77,59,0.0,27756,2831112,381
3/5/18,Epcot,0,0,102,29427,77,59,0.0,26484,2701399,382
3/5/18,Universal Studios,0,0,115,44050,77,59,0.0,39645,4559175,383
3/5/18,Islands of Adventure,0,0,115,31804,77,59,0.0,28624,3291714,384
3/6/18,Magic Kingdom,0,0,109,61023,81,65,0.01,49429,5387721,385
3/6/18,Hollywood Studios,0,0,102,38404,81,65,0.01,31107,3172938,386
3/6/18,Animal Kingdom,0,0,102,28592,81,65,0.01,23160,2362271,387
3/6/18,Epcot,0,0,102,27889,81,65,0.01,22590,2304189,388
3/6/18,Universal Studios,0,0,115,44377,81,65,0.01,35945,4133718,389
3/6/18,Islands of Adventure,0,0,115,39770,81,65,0.01,32214,3704576,390
3/7/18,Magic Kingdom,0,0,109,60431,74,68,0.05,48949,5335453,391
3/7/18,Hollywood Studios,0,0,102,38111,74,68,0.05,30870,3148731,392
3/7/18,Animal Kingdom,0,0,102,26073,74,68,0.05,21119,2154151,393
3/7/18,Epcot,0,0,102,26970,74,68,0.05,21846,2228261,394
3/7/18,Universal Studios,0,0,115,36046,74,68,0.05,29197,3357685,395
3/7/18,Islands of Adventure,0,0,115,36177,74,68,0.05,29303,3369888,396
3/8/18,Magic Kingdom,0,0,109,61070,65,57,0.0,54963,5990967,397
3/8/18,Hollywood Studios,0,0,102,37713,65,57,0.0,33942,3462053,398
3/8/18,Animal Kingdom,0,0,102,25596,65,57,0.0,23036,2349713,399
3/8/18,Epcot,0,0,102,26446,65,57,0.0,23801,2427743,400
3/8/18,Universal Studios,0,0,115,42425,65,57,0.0,38183,4390988,401
3/8/18,Islands of Adventure,0,0,115,37095,65,57,0.0,33386,3839333,402
3/9/18,Magic Kingdom,0,0,109,63629,70,55,0.0,57266,6242005,403
3/9/18,Hollywood Studios,0,0,102,30125,70,55,0.0,27113,2765475,404
3/9/18,Animal Kingdom,0,0,102,26358,70,55,0.0,23722,2419664,405
3/9/18,Epcot,0,0,102,26411,70,55,0.0,23770,2424530,406
3/9/18,Universal Studios,0,0,115,36473,70,55,0.0,32826,3774956,407
3/9/18,Islands of Adventure,0,0,115,35521,70,55,0.0,31969,3676424,408
3/10/18,Magic Kingdom,1,0,109,88393,73,58,0.0,79554,8671353,409
3/10/18,Hollywood Studios,1,0,102,35444,73,58,0.0,31900,3253759,410
3/10/18,Animal Kingdom,1,0,102,31746,73,58,0.0,28571,2914283,411
3/10/18,Epcot,1,0,102,39116,73,58,0.0,35204,3590849,412
3/10/18,Universal Studios,1,0,115,48077,73,58,0.0,43269,4975970,413
3/10/18,Islands of Adventure,1,0,115,43947,73,58,0.0,39552,4548515,414
3/11/18,Magic Kingdom,1,0,109,86440,84,70,0.0,77796,8479764,415
3/11/18,Hollywood Studios,1,0,102,43298,84,70,0.0,38968,3974756,416
3/11/18,Animal Kingdom,1,0,102,36837,84,70,0.0,33153,3381637,417
3/11/18,Epcot,1,0,102,43156,84,70,0.0,38840,3961721,418
3/11/18,Universal Studios,1,0,115,46917,84,70,0.0,42225,4855910,419
3/11/18,Islands of Adventure,1,0,115,44589,84,70,0.0,40130,4614962,420
3/12/18,Magic Kingdom,0,0,109,60903,74,70,0.03,49331,5377126,421
3/12/18,Hollywood Studios,0,0,102,31609,74,70,0.03,25603,2611536,422
3/12/18,Animal Kingdom,0,0,102,31720,74,70,0.03,25693,2620706,423
3/12/18,Epcot,0,0,102,29988,74,70,0.03,24290,2477609,424
3/12/18,Universal Studios,0,0,115,41544,74,70,0.03,33651,3869824,425
3/12/18,Islands of Adventure,0,0,115,26564,74,70,0.03,21517,2474437,426
3/13/18,Magic Kingdom,0,0,109,60182,67,55,0.0,54164,5903854,427
3/13/18,Hollywood Studios,0,0,102,35938,67,55,0.0,32344,3299108,428
3/13/18,Animal Kingdom,0,0,102,34161,67,55,0.0,30745,3135980,429
3/13/18,Epcot,0,0,102,27569,67,55,0.0,24812,2530834,430
3/13/18,Universal Studios,0,0,115,36832,67,55,0.0,33149,3812112,431
3/13/18,Islands of Adventure,0,0,115,32619,67,55,0.0,29357,3376067,432
3/14/18,Magic Kingdom,0,0,109,60489,69,57,0.0,54440,5933971,433
3/14/18,Hollywood Studios,0,0,102,36124,69,57,0.0,32512,3316183,434
3/14/18,Animal Kingdom,0,0,102,31477,69,57,0.0,28329,2889589,435
3/14/18,Epcot,0,0,102,28618,69,57,0.0,25756,2627132,436
3/14/18,Universal Studios,0,0,115,36703,69,57,0.0,33033,3798761,437
3/14/18,Islands of Adventure,0,0,115,28866,69,57,0.0,25979,2987631,438
3/15/18,Magic Kingdom,0,0,109,64717,71,58,0.0,58245,6348738,439
3/15/18,Hollywood Studios,0,0,102,32071,71,58,0.0,28864,2944118,440
3/15/18,Animal Kingdom,0,0,102,30131,71,58,0.0,27118,2766026,441
3/15/18,Epcot,0,0,102,28531,71,58,0.0,25678,2619146,442
3/15/18,Universal Studios,0,0,115,39007,71,58,0.0,35106,4037225,443
3/15/18,Islands of Adventure,0,0,115,34588,71,58,0.0,31129,3579858,444
3/16/18,Magic Kingdom,0,0,109,63722,78,59,0.0,57350,6251128,445
3/16/18,Hollywood Studios,0,0,102,33007,78,59,0.0,29706,3030043,446
3/16/18,Animal Kingdom,0,0,102,28735,78,59,0.0,25862,2637873,447
3/16/18,Epcot,0,0,102,28933,78,59,0.0,26040,2656049,448
3/16/18,Universal Studios,0,0,115,43976,78,59,0.0,39578,4551516,449
3/16/18,Islands of Adventure,0,0,115,29287,78,59,0.0,26358,3031205,450
3/17/18,Magic Kingdom,1,0,109,76264,83,66,0.0,68638,7481498,451
3/17/18,Hollywood Studios,1,0,102,39279,83,66,0.0,35351,3605812,452
3/17/18,Animal Kingdom,1,0,102,38577,83,66,0.0,34719,3541369,453
3/17/18,Epcot,1,0,102,35162,83,66,0.0,31646,3227872,454
3/17/18,Universal Studios,1,0,115,50986,83,66,0.0,45887,5277051,455
3/17/18,Islands of Adventure,1,0,115,42889,83,66,0.0,38600,4439012,456
3/18/18,Magic Kingdom,1,0,109,80707,85,70,0.0,72636,7917357,457
3/18/18,Hollywood Studios,1,0,102,38955,85,70,0.0,35060,3576069,458
3/18/18,Animal Kingdom,1,0,102,34665,85,70,0.0,31199,3182247,459
3/18/18,Epcot,1,0,102,38819,85,70,0.0,34937,3563584,460
3/18/18,Universal Studios,1,0,115,45384,85,70,0.0,40846,4697244,461
3/18/18,Islands of Adventure,1,0,115,43105,85,70,0.0,38795,4461368,462
3/19/18,Magic Kingdom,0,0,109,61660,86,73,0.29,49945,5443961,463
3/19/18,Hollywood Studios,0,0,102,32112,86,73,0.29,26011,2653093,464
3/19/18,Animal Kingdom,0,0,102,27232,86,73,0.29,22058,2249908,465
3/19/18,Epcot,0,0,102,29655,86,73,0.29,24021,2450096,466
3/19/18,Universal Studios,0,0,115,37477,86,73,0.29,30356,3490983,467
3/19/18,Islands of Adventure,0,0,115,29078,86,73,0.29,23553,2708616,468
3/20/18,Magic Kingdom,0,0,109,63201,83,71,0.37,51193,5580016,469
3/20/18,Hollywood Studios,0,0,102,32895,83,71,0.37,26645,2717785,470
3/20/18,Animal Kingdom,0,0,102,30735,83,71,0.37,24895,2539326,471
3/20/18,Epcot,0,0,102,25357,83,71,0.37,20539,2094995,472
3/20/18,Universal Studios,0,0,115,35072,83,71,0.37,28408,3266957,473
3/20/18,Islands of Adventure,0,0,115,31468,83,71,0.37,25489,2931244,474
3/21/18,Magic Kingdom,0,0,109,62890,70,64,0.0,56601,6169509,475
3/21/18,Hollywood Studios,0,0,102,34050,70,64,0.0,30645,3125790,476
3/21/18,Animal Kingdom,0,0,102,28610,70,64,0.0,25749,2626398,477
3/21/18,Epcot,0,0,102,26251,70,64,0.0,23626,2409842,478
3/21/18,Universal Studios,0,0,115,37795,70,64,0.0,34016,3911783,479
3/21/18,Islands of Adventure,0,0,115,31810,70,64,0.0,28629,3292335,480
3/22/18,Magic Kingdom,0,0,109,61399,69,58,0.0,55259,6023242,481
3/22/18,Hollywood Studios,0,0,102,34792,69,58,0.0,31313,3193906,482
3/22/18,Animal Kingdom,0,0,102,33672,69,58,0.0,30305,3091090,483
3/22/18,Epcot,0,0,102,25455,69,58,0.0,22910,2336769,484
3/22/18,Universal Studios,0,0,115,39265,69,58,0.0,35339,4063928,485
3/22/18,Islands of Adventure,0,0,115,33038,69,58,0.0,29734,3419433,486
3/23/18,Magic Kingdom,0,0,109,60664,73,59,0.0,54598,5951138,487
3/23/18,Hollywood Studios,0,0,102,39862,73,59,0.0,35876,3659332,488
3/23/18,Animal Kingdom,0,0,102,29263,73,59,0.0,26337,2686343,489
3/23/18,Epcot,0,0,102,27823,73,59,0.0,25041,2554151,490
3/23/18,Universal Studios,0,0,115,40293,73,59,0.0,36264,4170326,491
3/23/18,Islands of Adventure,0,0,115,35400,73,59,0.0,31860,3663900,492
3/24/18,Magic Kingdom,1,0,109,85912,79,62,0.0,77321,8427967,493
3/24/18,Hollywood Studios,1,0,102,38939,79,62,0.0,35045,3574600,494
3/24/18,Animal Kingdom,1,0,102,35082,79,62,0.0,31574,3220528,495
3/24/18,Epcot,1,0,102,44569,79,62,0.0,40112,4091434,496
3/24/18,Universal Studios,1,0,115,41336,79,62,0.0,37202,4278276,497
3/24/18,Islands of Adventure,1,0,115,38748,79,62,0.0,34873,4010418,498
3/25/18,Magic Kingdom,1,0,109,88766,85,68,0.0,79889,8707945,499
3/25/18,Hollywood Studios,1,0,102,41297,85,68,0.0,37167,3791065,500
3/25/18,Animal Kingdom,1,0,102,32042,85,68,0.0,28838,2941456,501
3/25/18,Epcot,1,0,102,37080,85,68,0.0,33372,3403944,502
3/25/18,Universal Studios,1,0,115,44683,85,68,0.0,40215,4624691,503
3/25/18,Islands of Adventure,1,0,115,41774,85,68,0.0,37597,4323609,504
3/26/18,Magic Kingdom,0,0,109,63305,79,71,0.0,56975,6210221,505
3/26/18,Hollywood Studios,0,0,102,38487,79,71,0.0,34638,3533107,506
3/26/18,Animal Kingdom,0,0,102,27265,79,71,0.0,24539,2502927,507
3/26/18,Epcot,0,0,102,26495,79,71,0.0,23846,2432241,508
3/26/18,Universal Studios,0,0,115,43808,79,71,0.0,39427,4534128,509
3/26/18,Islands of Adventure,0,0,115,26571,79,71,0.0,23914,2750099,510
3/27/18,Magic Kingdom,0,0,109,61417,78,69,0.0,55275,6025008,511
3/27/18,Hollywood Studios,0,0,102,35693,78,69,0.0,32124,3276617,512
3/27/18,Animal Kingdom,0,0,102,26908,78,69,0.0,24217,2470154,513
3/27/18,Epcot,0,0,102,27967,78,69,0.0,25170,2567371,514
3/27/18,Universal Studios,0,0,115,42600,78,69,0.0,38340,4409100,515
3/27/18,Islands of Adventure,0,0,115,34180,78,69,0.0,30762,3537630,516
3/28/18,Magic Kingdom,0,0,109,61418,82,69,0.0,55276,6025106,517
3/28/18,Hollywood Studios,0,0,102,33405,82,69,0.0,30065,3066579,518
3/28/18,Animal Kingdom,0,0,102,30932,82,69,0.0,27839,2839558,519
3/28/18,Epcot,0,0,102,29076,82,69,0.0,26168,2669177,520
3/28/18,Universal Studios,0,0,115,39703,82,69,0.0,35733,4109261,521
3/28/18,Islands of Adventure,0,0,115,39453,82,69,0.0,35508,4083386,522
3/29/18,Magic Kingdom,0,0,109,62570,84,72,0.0,56313,6138117,523
3/29/18,Hollywood Studios,0,0,102,30203,84,72,0.0,27183,2772635,524
3/29/18,Animal Kingdom,0,0,102,33531,84,72,0.0,30178,3078146,525
3/29/18,Epcot,0,0,102,28915,84,72,0.0,26024,2654397,526
3/29/18,Universal Studios,0,0,115,42032,84,72,0.0,37829,4350312,527
3/29/18,Islands of Adventure,0,0,115,37439,84,72,0.0,33695,3874937,528
3/30/18,Magic Kingdom,0,0,109,61098,86,73,0.0,54988,5993714,529
3/30/18,Hollywood Studios,0,0,102,35741,86,73,0.0,32167,3281024,530
3/30/18,Animal Kingdom,0,0,102,33561,86,73,0.0,30205,3080900,531
3/30/18,Epcot,0,0,102,29045,86,73,0.0,26141,2666331,532
3/30/18,Universal Studios,0,0,115,35360,86,73,0.0,31824,3659760,533
3/30/18,Islands of Adventure,0,0,115,28824,86,73,0.0,25942,2983284,534
3/31/18,Magic Kingdom,1,0,109,79548,74,70,0.04,64434,7023293,535
3/31/18,Hollywood Studios,1,0,102,41416,74,70,0.04,33547,3421790,536
3/31/18,Animal Kingdom,1,0,102,36405,74,70,0.04,29488,3007781,537
3/31/18,Epcot,1,0,102,35597,74,70,0.04,28834,2941024,538
3/31/18,Universal Studios,1,0,115,43471,74,70,0.04,35212,4049324,539
3/31/18,Islands of Adventure,1,0,115,37395,74,70,0.04,30290,3483344,540
4/1/18,Magic Kingdom,1,0,109,88969,86,70,0.0,80072,8727859,541
4/1/18,Hollywood Studios,1,0,102,42512,86,70,0.0,38261,3902602,542
4/1/18,Animal Kingdom,1,0,102,33743,86,70,0.0,30369,3097607,543
4/1/18,Epcot,1,0,102,39599,86,70,0.0,35639,3635188,544
4/1/18,Universal Studios,1,0,115,49251,86,70,0.0,44326,5097479,545
4/1/18,Islands of Adventure,1,0,115,44245,86,70,0.0,39821,4579358,546
4/2/18,Magic Kingdom,0,0,109,61408,87,74,0.0,55267,6024125,547
4/2/18,Hollywood Studios,0,0,102,37626,87,74,0.0,33863,3454067,548
4/2/18,Animal Kingdom,0,0,102,34644,87,74,0.0,31180,3180319,549
4/2/18,Epcot,0,0,102,28701,87,74,0.0,25831,2634752,550
4/2/18,Universal Studios,0,0,115,41792,87,74,0.0,37613,4325472,551
4/2/18,Islands of Adventure,0,0,115,38099,87,74,0.0,34289,3943247,552
4/3/18,Magic Kingdom,0,0,109,62385,88,76,0.0,56147,6119969,553
4/3/18,Hollywood Studios,0,0,102,34210,88,76,0.0,30789,3140478,554
4/3/18,Animal Kingdom,0,0,102,30163,88,76,0.0,27147,2768963,555
4/3/18,Epcot,0,0,102,26393,88,76,0.0,23754,2422877,556
4/3/18,Universal Studios,0,0,115,37110,88,76,0.0,33399,3840885,557
4/3/18,Islands of Adventure,0,0,115,25803,88,76,0.0,23223,2670611,558
4/4/18,Magic Kingdom,0,0,109,63384,88,76,0.0,57046,6217970,559
4/4/18,Hollywood Studios,0,0,102,32729,88,76,0.0,29456,3004522,560
4/4/18,Animal Kingdom,0,0,102,29692,88,76,0.0,26723,2725726,561
4/4/18,Epcot,0,0,102,25508,88,76,0.0,22957,2341634,562
4/4/18,Universal Studios,0,0,115,35100,88,76,0.0,31590,3632850,563
4/4/18,Islands of Adventure,0,0,115,31980,88,76,0.0,28782,3309930,564
4/5/18,Magic Kingdom,0,0,109,63507,81,72,0.0,57156,6230037,565
4/5/18,Hollywood Studios,0,0,102,34205,81,72,0.0,30785,3140019,566
4/5/18,Animal Kingdom,0,0,102,33604,81,72,0.0,30244,3084847,567
4/5/18,Epcot,0,0,102,28332,81,72,0.0,25499,2600878,568
4/5/18,Universal Studios,0,0,115,38272,81,72,0.0,34445,3961152,569
4/5/18,Islands of Adventure,0,0,115,25581,81,72,0.0,23023,2647634,570
4/6/18,Magic Kingdom,0,0,109,63370,85,72,0.0,57033,6216597,571
4/6/18,Hollywood Studios,0,0,102,34934,85,72,0.0,31441,3206941,572
4/6/18,Animal Kingdom,0,0,102,27763,85,72,0.0,24987,2548643,573
4/6/18,Epcot,0,0,102,29127,85,72,0.0,26214,2673859,574
4/6/18,Universal Studios,0,0,115,40143,85,72,0.0,36129,4154801,575
4/6/18,Islands of Adventure,0,0,115,31896,85,72,0.0,28706,3301236,576
4/7/18,Magic Kingdom,1,0,109,82170,89,75,0.11,66558,7254789,577
4/7/18,Hollywood Studios,1,0,102,41995,89,75,0.11,34016,3469627,578
4/7/18,Animal Kingdom,1,0,102,30538,89,75,0.11,24736,2523050,579
4/7/18,Epcot,1,0,102,38390,89,75,0.11,31096,3171782,580
4/7/18,Universal Studios,1,0,115,51570,89,75,0.11,41772,4803746,581
4/7/18,Islands of Adventure,1,0,115,38782,89,75,0.11,31413,3612543,582
4/8/18,Magic Kingdom,1,0,109,88302,78,70,0.02,71525,7796184,583
4/8/18,Hollywood Studios,1,0,102,36790,78,70,0.02,29800,3039590,584
4/8/18,Animal Kingdom,1,0,102,38286,78,70,0.02,31012,3163189,585
4/8/18,Epcot,1,0,102,36606,78,70,0.02,29651,3024388,586
4/8/18,Universal Studios,1,0,115,53484,78,70,0.02,43322,4982035,587
4/8/18,Islands of Adventure,1,0,115,41633,78,70,0.02,33723,3878114,588
4/9/18,Magic Kingdom,0,0,109,62324,89,74,0.06,50482,5502586,589
4/9/18,Hollywood Studios,0,0,102,30435,89,74,0.06,24652,2514540,590
4/9/18,Animal Kingdom,0,0,102,30382,89,74,0.06,24609,2510161,591
4/9/18,Epcot,0,0,102,26079,89,74,0.06,21124,2154647,592
4/9/18,Universal Studios,0,0,115,44090,89,74,0.06,35713,4106984,593
4/9/18,Islands of Adventure,0,0,115,30381,89,74,0.06,24609,2829990,594
4/10/18,Magic Kingdom,0,0,109,64152,75,71,1.37,46189,5034649,595
4/10/18,Hollywood Studios,0,0,102,35494,75,71,1.37,25556,2606679,596
4/10/18,Animal Kingdom,0,0,102,25770,75,71,1.37,18554,1892549,597
4/10/18,Epcot,0,0,102,28226,75,71,1.37,20323,2072917,598
4/10/18,Universal Studios,0,0,115,43928,75,71,1.37,31628,3637238,599
4/10/18,Islands of Adventure,0,0,115,34890,75,71,1.37,25121,2888892,600
4/11/18,Magic Kingdom,0,0,109,60390,77,67,0.37,48916,5331833,601
4/11/18,Hollywood Studios,0,0,102,31261,77,67,0.37,25321,2582784,602
4/11/18,Animal Kingdom,0,0,102,26535,77,67,0.37,21493,2192322,603
4/11/18,Epcot,0,0,102,25180,77,67,0.37,20396,2080372,604
4/11/18,Universal Studios,0,0,115,37139,77,67,0.37,30083,3459498,605
4/11/18,Islands of Adventure,0,0,115,32108,77,67,0.37,26007,2990860,606
4/12/18,Magic Kingdom,0,0,109,60929,82,68,0.0,54836,5977135,607
4/12/18,Hollywood Studios,0,0,102,38235,82,68,0.0,34412,3509973,608
4/12/18,Animal Kingdom,0,0,102,31044,82,68,0.0,27940,2849839,609
4/12/18,Epcot,0,0,102,27239,82,68,0.0,24515,2500540,610
4/12/18,Universal Studios,0,0,115,40130,82,68,0.0,36117,4153455,611
4/12/18,Islands of Adventure,0,0,115,37558,82,68,0.0,33802,3887253,612
4/13/18,Magic Kingdom,0,0,109,60901,83,72,0.0,54811,5974388,613
4/13/18,Hollywood Studios,0,0,102,33510,83,72,0.0,30159,3076218,614
4/13/18,Animal Kingdom,0,0,102,34787,83,72,0.0,31308,3193447,615
4/13/18,Epcot,0,0,102,26796,83,72,0.0,24116,2459873,616
4/13/18,Universal Studios,0,0,115,41223,83,72,0.0,37101,4266581,617
4/13/18,Islands of Adventure,0,0,115,27529,83,72,0.0,24776,2849252,618
4/14/18,Magic Kingdom,1,0,109,87919,90,74,0.0,79127,8624854,619
4/14/18,Hollywood Studios,1,0,102,40201,90,74,0.0,36181,3690452,620
4/14/18,Animal Kingdom,1,0,102,33326,90,74,0.0,29993,3059327,621
4/14/18,Epcot,1,0,102,43707,90,74,0.0,39336,4012303,622
4/14/18,Universal Studios,1,0,115,40492,90,74,0.0,36443,4190922,623
4/14/18,Islands of Adventure,1,0,115,40150,90,74,0.0,36135,4155525,624
4/15/18,Magic Kingdom,1,0,109,82648,90,78,0.13,66945,7296992,625
4/15/18,Hollywood Studios,1,0,102,38194,90,78,0.13,30937,3155588,626
4/15/18,Animal Kingdom,1,0,102,39232,90,78,0.13,31778,3241348,627
4/15/18,Epcot,1,0,102,42269,90,78,0.13,34238,3492265,628
4/15/18,Universal Studios,1,0,115,46517,90,78,0.13,37679,4333059,629
4/15/18,Islands of Adventure,1,0,115,37064,90,78,0.13,30022,3452512,630
4/16/18,Magic Kingdom,0,0,109,61308,72,64,0.0,55177,6014315,631
4/16/18,Hollywood Studios,0,0,102,32343,72,64,0.0,29109,2969087,632
4/16/18,Animal Kingdom,0,0,102,34996,72,64,0.0,31496,3212633,633
4/16/18,Epcot,0,0,102,25731,72,64,0.0,23158,2362106,634
4/16/18,Universal Studios,0,0,115,35371,72,64,0.0,31834,3660899,635
4/16/18,Islands of Adventure,0,0,115,25985,72,64,0.0,23387,2689448,636
4/17/18,Magic Kingdom,0,0,109,63769,81,64,0.0,57392,6255739,637
4/17/18,Hollywood Studios,0,0,102,34631,81,64,0.0,31168,3179126,638
4/17/18,Animal Kingdom,0,0,102,26601,81,64,0.0,23941,2441972,639
4/17/18,Epcot,0,0,102,28152,81,64,0.0,25337,2584354,640
4/17/18,Universal Studios,0,0,115,42370,81,64,0.0,38133,4385295,641
4/17/18,Islands of Adventure,0,0,115,28467,81,64,0.0,25620,2946335,642
4/18/18,Magic Kingdom,0,0,109,64238,88,69,0.0,57814,6301748,643
4/18/18,Hollywood Studios,0,0,102,32374,88,69,0.0,29137,2971933,644
4/18/18,Animal Kingdom,0,0,102,27623,88,69,0.0,24861,2535791,645
4/18/18,Epcot,0,0,102,26653,88,69,0.0,23988,2446745,646
4/18/18,Universal Studios,0,0,115,35211,88,69,0.0,31690,3644339,647
4/18/18,Islands of Adventure,0,0,115,38404,88,69,0.0,34564,3974814,648
4/19/18,Magic Kingdom,0,0,109,64575,88,73,0.0,58118,6334808,649
4/19/18,Hollywood Studios,0,0,102,33108,88,73,0.0,29797,3039314,650
4/19/18,Animal Kingdom,0,0,102,27530,88,73,0.0,24777,2527254,651
4/19/18,Epcot,0,0,102,28982,88,73,0.0,26084,2660548,652
4/19/18,Universal Studios,0,0,115,40980,88,73,0.0,36882,4241430,653
4/19/18,Islands of Adventure,0,0,115,37311,88,73,0.0,33580,3861689,654
4/20/18,Magic Kingdom,0,0,109,63152,87,74,0.0,56837,6195211,655
4/20/18,Hollywood Studios,0,0,102,32693,87,74,0.0,29424,3001217,656
4/20/18,Animal Kingdom,0,0,102,25724,87,74,0.0,23152,2361463,657
4/20/18,Epcot,0,0,102,29026,87,74,0.0,26123,2664587,658
4/20/18,Universal Studios,0,0,115,37062,87,74,0.0,33356,3835917,659
4/20/18,Islands of Adventure,0,0,115,32223,87,74,0.0,29001,3335081,660
4/21/18,Magic Kingdom,1,0,109,76290,83,73,0.0,68661,7484049,661
4/21/18,Hollywood Studios,1,0,102,39918,83,73,0.0,35926,3664472,662
4/21/18,Animal Kingdom,1,0,102,34313,83,73,0.0,30882,3149933,663
4/21/18,Epcot,1,0,102,42188,83,73,0.0,37969,3872858,664
4/21/18,Universal Studios,1,0,115,41234,83,73,0.0,37111,4267719,665
4/21/18,Islands of Adventure,1,0,115,42407,83,73,0.0,38166,4389125,666
4/22/18,Magic Kingdom,1,0,109,87619,82,74,0.04,70971,7735882,667
4/22/18,Hollywood Studios,1,0,102,37638,82,74,0.04,30487,3109652,668
4/22/18,Animal Kingdom,1,0,102,35023,82,74,0.04,28369,2893600,669
4/22/18,Epcot,1,0,102,39548,82,74,0.04,32034,3267456,670
4/22/18,Universal Studios,1,0,115,47104,82,74,0.04,38154,4387738,671
4/22/18,Islands of Adventure,1,0,115,42848,82,74,0.04,34707,3991291,672
4/23/18,Magic Kingdom,0,0,109,63097,87,76,0.04,51109,5570834,673
4/23/18,Hollywood Studios,0,0,102,30883,87,76,0.04,25015,2551553,674
4/23/18,Animal Kingdom,0,0,102,25349,87,76,0.04,20533,2094334,675
4/23/18,Epcot,0,0,102,27333,87,76,0.04,22140,2258252,676
4/23/18,Universal Studios,0,0,115,36198,87,76,0.04,29320,3371844,677
4/23/18,Islands of Adventure,0,0,115,35001,87,76,0.04,28351,3260343,678
4/24/18,Magic Kingdom,0,0,109,60967,87,76,0.0,54870,5980863,679
4/24/18,Hollywood Studios,0,0,102,30154,87,76,0.0,27139,2768137,680
4/24/18,Animal Kingdom,0,0,102,26114,87,76,0.0,23503,2397265,681
4/24/18,Epcot,0,0,102,29056,87,76,0.0,26150,2667341,682
4/24/18,Universal Studios,0,0,115,35528,87,76,0.0,31975,3677148,683
4/24/18,Islands of Adventure,0,0,115,29065,87,76,0.0,26159,3008228,684
4/25/18,Magic Kingdom,0,0,109,60656,84,71,0.0,54590,5950354,685
4/25/18,Hollywood Studios,0,0,102,34914,84,71,0.0,31423,3205105,686
4/25/18,Animal Kingdom,0,0,102,32729,84,71,0.0,29456,3004522,687
4/25/18,Epcot,0,0,102,27899,84,71,0.0,25109,2561128,688
4/25/18,Universal Studios,0,0,115,40882,84,71,0.0,36794,4231287,689
4/25/18,Islands of Adventure,0,0,115,30248,84,71,0.0,27223,3130668,690
4/26/18,Magic Kingdom,0,0,109,60817,84,70,0.0,54735,5966148,691
4/26/18,Hollywood Studios,0,0,102,30631,84,70,0.0,27568,2811926,692
4/26/18,Animal Kingdom,0,0,102,29085,84,70,0.0,26177,2670003,693
4/26/18,Epcot,0,0,102,26241,84,70,0.0,23617,2408924,694
4/26/18,Universal Studios,0,0,115,36771,84,70,0.0,33094,3805799,695
4/26/18,Islands of Adventure,0,0,115,35919,84,70,0.0,32327,3717617,696
4/27/18,Magic Kingdom,0,0,109,61878,87,74,0.0,55690,6070232,697
4/27/18,Hollywood Studios,0,0,102,37923,87,74,0.0,34131,3481331,698
4/27/18,Animal Kingdom,0,0,102,25841,87,74,0.0,23257,2372204,699
4/27/18,Epcot,0,0,102,25035,87,74,0.0,22532,2298213,700
4/27/18,Universal Studios,0,0,115,40755,87,74,0.0,36680,4218143,701
4/27/18,Islands of Adventure,0,0,115,27034,87,74,0.0,24331,2798019,702
4/28/18,Magic Kingdom,1,0,109,81855,84,73,0.0,73670,8029976,703
4/28/18,Hollywood Studios,1,0,102,35968,84,73,0.0,32371,3301862,704
4/28/18,Animal Kingdom,1,0,102,36720,84,73,0.0,33048,3370896,705
4/28/18,Epcot,1,0,102,44340,84,73,0.0,39906,4070412,706
4/28/18,Universal Studios,1,0,115,45227,84,73,0.0,40704,4680995,707
4/28/18,Islands of Adventure,1,0,115,38705,84,73,0.0,34835,4005968,708
4/29/18,Magic Kingdom,1,0,109,75552,88,74,0.0,67997,7411651,709
4/29/18,Hollywood Studios,1,0,102,44901,88,74,0.0,40411,4121912,710
4/29/18,Animal Kingdom,1,0,102,38501,88,74,0.0,34651,3534392,711
4/29/18,Epcot,1,0,102,37390,88,74,0.0,33651,3432402,712
4/29/18,Universal Studios,1,0,115,40132,88,74,0.0,36119,4153662,713
4/29/18,Islands of Adventure,1,0,115,42141,88,74,0.0,37927,4361594,714
4/30/18,Magic Kingdom,0,0,109,63832,84,74,0.0,57449,6261919,715
4/30/18,Hollywood Studios,0,0,102,38167,84,74,0.0,34350,3503731,716
4/30/18,Animal Kingdom,0,0,102,32310,84,74,0.0,29079,2966058,717
4/30/18,Epcot,0,0,102,25185,84,74,0.0,22667,2311983,718
4/30/18,Universal Studios,0,0,115,43702,84,74,0.0,39332,4523157,719
4/30/18,Islands of Adventure,0,0,115,34383,84,74,0.0,30945,3558641,720
5/1/18,Magic Kingdom,0,0,109,63009,85,73,0.0,56708,6181183,721
5/1/18,Hollywood Studios,0,0,102,30840,85,73,0.0,27756,2831112,722
5/1/18,Animal Kingdom,0,0,102,27124,85,73,0.0,24412,2489983,723
5/1/18,Epcot,0,0,102,28975,85,73,0.0,26078,2659905,724
5/1/18,Universal Studios,0,0,115,35834,85,73,0.0,32251,3708819,725
5/1/18,Islands of Adventure,0,0,115,32951,85,73,0.0,29656,3410429,726
5/2/18,Magic Kingdom,0,0,109,60693,84,72,0.0,54624,5953983,727
5/2/18,Hollywood Studios,0,0,102,32421,84,72,0.0,29179,2976248,728
5/2/18,Animal Kingdom,0,0,102,27289,84,72,0.0,24560,2505130,729
5/2/18,Epcot,0,0,102,25774,84,72,0.0,23197,2366053,730
5/2/18,Universal Studios,0,0,115,38716,84,72,0.0,34844,4007106,731
5/2/18,Islands of Adventure,0,0,115,33640,84,72,0.0,30276,3481740,732
5/3/18,Magic Kingdom,0,0,109,62072,86,75,0.0,55865,6089263,733
5/3/18,Hollywood Studios,0,0,102,34729,86,75,0.0,31256,3188122,734
5/3/18,Animal Kingdom,0,0,102,30600,86,75,0.0,27540,2809080,735
5/3/18,Epcot,0,0,102,29103,86,75,0.0,26193,2671655,736
5/3/18,Universal Studios,0,0,115,43060,86,75,0.0,38754,4456710,737
5/3/18,Islands of Adventure,0,0,115,30960,86,75,0.0,27864,3204360,738
5/4/18,Magic Kingdom,0,0,109,62245,87,75,0.0,56021,6106235,739
5/4/18,Hollywood Studios,0,0,102,36282,87,75,0.0,32654,3330688,740
5/4/18,Animal Kingdom,0,0,102,25743,87,75,0.0,23169,2363207,741
5/4/18,Epcot,0,0,102,28956,87,75,0.0,26060,2658161,742
5/4/18,Universal Studios,0,0,115,43914,87,75,0.0,39523,4545099,743
5/4/18,Islands of Adventure,0,0,115,27148,87,75,0.0,24433,2809818,744
5/5/18,Magic Kingdom,1,0,109,86114,86,75,0.18,69752,7603005,745
5/5/18,Hollywood Studios,1,0,102,42303,86,75,0.18,34265,3495074,746
5/5/18,Animal Kingdom,1,0,102,34763,86,75,0.18,28158,2872119,747
5/5/18,Epcot,1,0,102,39699,86,75,0.18,32156,3279931,748
5/5/18,Universal Studios,1,0,115,50458,86,75,0.18,40871,4700163,749
5/5/18,Islands of Adventure,1,0,115,43948,86,75,0.18,35598,4093756,750
5/6/18,Magic Kingdom,1,0,109,86086,82,75,0.41,69730,7600533,751
5/6/18,Hollywood Studios,1,0,102,37479,82,75,0.41,30358,3096515,752
5/6/18,Animal Kingdom,1,0,102,39854,82,75,0.41,32282,3292737,753
5/6/18,Epcot,1,0,102,38529,82,75,0.41,31208,3183266,754
5/6/18,Universal Studios,1,0,115,54269,82,75,0.41,43958,5055157,755
5/6/18,Islands of Adventure,1,0,115,41056,82,75,0.41,33255,3824366,756
5/7/18,Magic Kingdom,0,0,109,63538,91,78,0.0,57184,6233078,757
5/7/18,Hollywood Studios,0,0,102,38735,91,78,0.0,34862,3555873,758
5/7/18,Animal Kingdom,0,0,102,27768,91,78,0.0,24991,2549102,759
5/7/18,Epcot,0,0,102,26944,91,78,0.0,24250,2473459,760
5/7/18,Universal Studios,0,0,115,39550,91,78,0.0,35595,4093425,761
5/7/18,Islands of Adventure,0,0,115,36478,91,78,0.0,32830,3775473,762
5/8/18,Magic Kingdom,0,0,109,62684,88,76,0.0,56416,6149300,763
5/8/18,Hollywood Studios,0,0,102,39850,88,76,0.0,35865,3658230,764
5/8/18,Animal Kingdom,0,0,102,31444,88,76,0.0,28300,2886559,765
5/8/18,Epcot,0,0,102,29129,88,76,0.0,26216,2674042,766
5/8/18,Universal Studios,0,0,115,42220,88,76,0.0,37998,4369770,767
5/8/18,Islands of Adventure,0,0,115,32935,88,76,0.0,29642,3408773,768
5/9/18,Magic Kingdom,0,0,109,61758,89,75,0.0,55582,6058460,769
5/9/18,Hollywood Studios,0,0,102,34190,89,75,0.0,30771,3138642,770
5/9/18,Animal Kingdom,0,0,102,30922,89,75,0.0,27830,2838640,771
5/9/18,Epcot,0,0,102,27520,89,75,0.0,24768,2526336,772
5/9/18,Universal Studios,0,0,115,36426,89,75,0.0,32783,3770091,773
5/9/18,Islands of Adventure,0,0,115,27889,89,75,0.0,25100,2886512,774
5/10/18,Magic Kingdom,0,0,109,60398,88,76,0.0,54358,5925044,775
5/10/18,Hollywood Studios,0,0,102,35028,88,76,0.0,31525,3215570,776
5/10/18,Animal Kingdom,0,0,102,26645,88,76,0.0,23981,2446011,777
5/10/18,Epcot,0,0,102,27062,88,76,0.0,24356,2484292,778
5/10/18,Universal Studios,0,0,115,40634,88,76,0.0,36571,4205619,779
5/10/18,Islands of Adventure,0,0,115,36973,88,76,0.0,33276,3826706,780
5/11/18,Magic Kingdom,0,0,109,61957,93,78,0.0,55761,6077982,781
5/11/18,Hollywood Studios,0,0,102,31415,93,78,0.0,28274,2883897,782
5/11/18,Animal Kingdom,0,0,102,26012,93,78,0.0,23411,2387902,783
5/11/18,Epcot,0,0,102,26104,93,78,0.0,23494,2396347,784
5/11/18,Universal Studios,0,0,115,35442,93,78,0.0,31898,3668247,785
5/11/18,Islands of Adventure,0,0,115,25685,93,78,0.0,23117,2658398,786
5/12/18,Magic Kingdom,1,0,109,78568,77,75,0.09,63640,6936769,787
5/12/18,Hollywood Studios,1,0,102,42094,77,75,0.09,34096,3477806,788
5/12/18,Animal Kingdom,1,0,102,34808,77,75,0.09,28194,2875837,789
5/12/18,Epcot,1,0,102,37264,77,75,0.09,30184,3078752,790
5/12/18,Universal Studios,1,0,115,40725,77,75,0.09,32987,3793534,791
5/12/18,Islands of Adventure,1,0,115,38915,77,75,0.09,31521,3624932,792
5/13/18,Magic Kingdom,1,0,109,87186,85,75,0.14,70621,7697652,793
5/13/18,Hollywood Studios,1,0,102,44049,85,75,0.14,35680,3639328,794
5/13/18,Animal Kingdom,1,0,102,34871,85,75,0.14,28246,2881042,795
5/13/18,Epcot,1,0,102,43515,85,75,0.14,35247,3595209,796
5/13/18,Universal Studios,1,0,115,43949,85,75,0.14,35599,4093849,797
5/13/18,Islands of Adventure,1,0,115,42711,85,75,0.14,34596,3978530,798
5/14/18,Magic Kingdom,0,0,109,60129,76,72,0.75,43293,4718924,799
5/14/18,Hollywood Studios,0,0,102,30214,76,72,0.75,21754,2218916,800
5/14/18,Animal Kingdom,0,0,102,27012,76,72,0.75,19449,1983761,801
5/14/18,Epcot,0,0,102,25645,76,72,0.75,18464,1883369,802
5/14/18,Universal Studios,0,0,115,43738,76,72,0.75,31491,3621506,803
5/14/18,Islands of Adventure,0,0,115,26893,76,72,0.75,19363,2226740,804
5/15/18,Magic Kingdom,0,0,109,64977,89,75,0.75,46783,5099395,805
5/15/18,Hollywood Studios,0,0,102,38242,89,75,0.75,27534,2808492,806
5/15/18,Animal Kingdom,0,0,102,25307,89,75,0.75,18221,1858546,807
5/15/18,Epcot,0,0,102,27550,89,75,0.75,19836,2023272,808
5/15/18,Universal Studios,0,0,115,41089,89,75,0.75,29584,3402169,809
5/15/18,Islands of Adventure,0,0,115,37002,89,75,0.75,26641,3063766,810
5/16/18,Magic Kingdom,0,0,109,60905,88,74,0.69,43852,4779824,811
5/16/18,Hollywood Studios,0,0,102,31173,88,74,0.69,22445,2289345,812
5/16/18,Animal Kingdom,0,0,102,29952,88,74,0.69,21565,2199675,813
5/16/18,Epcot,0,0,102,28478,88,74,0.69,20504,2091424,814
5/16/18,Universal Studios,0,0,115,39846,88,74,0.69,28689,3299249,815
5/16/18,Islands of Adventure,0,0,115,39270,88,74,0.69,28274,3251556,816
5/17/18,Magic Kingdom,0,0,109,64903,86,74,0.77,46730,5093587,817
5/17/18,Hollywood Studios,0,0,102,39913,86,74,0.77,28737,2931211,818
5/17/18,Animal Kingdom,0,0,102,30321,86,74,0.77,21831,2226774,819
5/17/18,Epcot,0,0,102,27638,86,74,0.77,19899,2029735,820
5/17/18,Universal Studios,0,0,115,38820,86,74,0.77,27950,3214296,821
5/17/18,Islands of Adventure,0,0,115,30372,86,74,0.77,21868,2514802,822
5/18/18,Magic Kingdom,0,0,109,60173,86,75,0.08,48740,5312674,823
5/18/18,Hollywood Studios,0,0,102,37285,86,75,0.08,30201,3080487,824
5/18/18,Animal Kingdom,0,0,102,34760,86,75,0.08,28156,2871871,825
5/18/18,Epcot,0,0,102,27380,86,75,0.08,22178,2262136,826
5/18/18,Universal Studios,0,0,115,41196,86,75,0.08,33369,3837407,827
5/18/18,Islands of Adventure,0,0,115,31904,86,75,0.08,25842,2971858,828
5/19/18,Magic Kingdom,1,0,109,82100,83,75,1.34,59112,6443208,829
5/19/18,Hollywood Studios,1,0,102,40883,83,75,1.34,29436,3002448,830
5/19/18,Animal Kingdom,1,0,102,30769,83,75,1.34,22154,2259675,831
5/19/18,Epcot,1,0,102,43452,83,75,1.34,31285,3191115,832
5/19/18,Universal Studios,1,0,115,48985,83,75,1.34,35269,4055958,833
5/19/18,Islands of Adventure,1,0,115,41325,83,75,1.34,29754,3421710,834
5/20/18,Magic Kingdom,1,0,109,83173,78,72,0.28,67370,7343344,835
5/20/18,Hollywood Studios,1,0,102,37269,78,72,0.28,30188,3079165,836
5/20/18,Animal Kingdom,1,0,102,38693,78,72,0.28,31341,3196816,837
5/20/18,Epcot,1,0,102,42482,78,72,0.28,34410,3509863,838
5/20/18,Universal Studios,1,0,115,40023,78,72,0.28,32419,3728142,839
5/20/18,Islands of Adventure,1,0,115,43052,78,72,0.28,34872,4010294,840
5/21/18,Magic Kingdom,0,0,109,60086,80,75,0.01,48670,5304993,841
5/21/18,Hollywood Studios,0,0,102,38709,80,75,0.01,31354,3198138,842
5/21/18,Animal Kingdom,0,0,102,33687,80,75,0.01,27286,2783220,843
5/21/18,Epcot,0,0,102,29589,80,75,0.01,23967,2444643,844
5/21/18,Universal Studios,0,0,115,38246,80,75,0.01,30979,3562615,845
5/21/18,Islands of Adventure,0,0,115,28648,80,75,0.01,23205,2668561,846
5/22/18,Magic Kingdom,0,0,109,63851,82,75,0.0,57466,6263783,847
5/22/18,Hollywood Studios,0,0,102,38901,82,75,0.0,35011,3571112,848
5/22/18,Animal Kingdom,0,0,102,25642,82,75,0.0,23078,2353936,849
5/22/18,Epcot,0,0,102,27866,82,75,0.0,25079,2558099,850
5/22/18,Universal Studios,0,0,115,38556,82,75,0.0,34700,3990546,851
5/22/18,Islands of Adventure,0,0,115,27591,82,75,0.0,24832,2855669,852
5/23/18,Magic Kingdom,0,0,109,61264,89,77,0.0,55138,6009998,853
5/23/18,Hollywood Studios,0,0,102,36008,89,77,0.0,32407,3305534,854
5/23/18,Animal Kingdom,0,0,102,25973,89,77,0.0,23376,2384321,855
5/23/18,Epcot,0,0,102,29197,89,77,0.0,26277,2680285,856
5/23/18,Universal Studios,0,0,115,44109,89,77,0.0,39698,4565282,857
5/23/18,Islands of Adventure,0,0,115,38711,89,77,0.0,34840,4006589,858
5/24/18,Magic Kingdom,0,0,109,63295,91,79,0.0,56966,6209240,859
5/24/18,Hollywood Studios,0,0,102,32709,91,79,0.0,29438,3002686,860
5/24/18,Animal Kingdom,0,0,102,34411,91,79,0.0,30970,3158930,861
5/24/18,Epcot,0,0,102,26843,91,79,0.0,24159,2464187,862
5/24/18,Universal Studios,0,0,115,44853,91,79,0.0,40368,4642286,863
5/24/18,Islands of Adventure,0,0,115,38708,91,79,0.0,34837,4006278,864
5/25/18,Magic Kingdom,0,0,109,63009,88,78,0.0,56708,6181183,865
5/25/18,Hollywood Studios,0,0,102,34077,88,78,0.0,30669,3128269,866
5/25/18,Animal Kingdom,0,0,102,26990,88,78,0.0,24291,2477682,867
5/25/18,Epcot,0,0,102,27190,88,78,0.0,24471,2496042,868
5/25/18,Universal Studios,0,0,115,37176,88,78,0.0,33458,3847716,869
5/25/18,Islands of Adventure,0,0,115,37971,88,78,0.0,34174,3929999,870
5/26/18,Magic Kingdom,1,0,109,86833,85,77,0.04,70335,7666486,871
5/26/18,Hollywood Studios,1,0,102,44998,85,77,0.04,36448,3717735,872
5/26/18,Animal Kingdom,1,0,102,38298,85,77,0.04,31021,3164181,873
5/26/18,Epcot,1,0,102,39665,85,77,0.04,32129,3277122,874
5/26/18,Universal Studios,1,0,115,54006,85,77,0.04,43745,5030659,875
5/26/18,Islands of Adventure,1,0,115,42218,85,77,0.04,34197,3932607,876
5/27/18,Magic Kingdom,1,0,109,78865,84,76,0.29,63881,6962991,877
5/27/18,Hollywood Studios,1,0,102,40761,84,76,0.29,33016,3367674,878
5/27/18,Animal Kingdom,1,0,102,35709,84,76,0.29,28924,2950278,879
5/27/18,Epcot,1,0,102,38085,84,76,0.29,30849,3146583,880
5/27/18,Universal Studios,1,0,115,53217,84,76,0.29,43106,4957164,881
5/27/18,Islands of Adventure,1,0,115,37869,84,76,0.29,30674,3527497,882
5/28/18,Magic Kingdom,0,1,129,78037,87,79,0.24,63210,8154086,883
5/28/18,Hollywood Studios,0,1,122,42848,87,79,0.24,34707,4234239,884
5/28/18,Animal Kingdom,0,1,122,36901,87,79,0.24,29890,3646557,885
5/28/18,Epcot,0,1,122,44906,87,79,0.24,36374,4437611,886
5/28/18,Universal Studios,0,1,124,51616,87,79,0.24,41809,5184311,887
5/28/18,Islands of Adventure,0,1,124,39175,87,79,0.24,31732,3934737,888
5/29/18,Magic Kingdom,0,0,109,64151,89,78,0.02,51962,5663892,889
5/29/18,Hollywood Studios,0,0,102,35166,89,78,0.02,28484,2905415,890
5/29/18,Animal Kingdom,0,0,102,28565,89,78,0.02,23138,2360040,891
5/29/18,Epcot,0,0,102,26818,89,78,0.02,21723,2215703,892
5/29/18,Universal Studios,0,0,115,35952,89,78,0.02,29121,3348929,893
5/29/18,Islands of Adventure,0,0,115,34978,89,78,0.02,28332,3258201,894
5/30/18,Magic Kingdom,0,0,109,60376,81,76,0.75,43471,4738308,895
5/30/18,Hollywood Studios,0,0,102,31149,81,76,0.75,22427,2287583,896
5/30/18,Animal Kingdom,0,0,102,31036,81,76,0.75,22346,2279284,897
5/30/18,Epcot,0,0,102,28945,81,76,0.75,20840,2125721,898
5/30/18,Universal Studios,0,0,115,36362,81,76,0.75,26181,3010774,899
5/30/18,Islands of Adventure,0,0,115,33580,81,76,0.75,24178,2780424,900
5/31/18,Magic Kingdom,0,0,109,63308,86,76,0.66,45582,4968412,901
5/31/18,Hollywood Studios,0,0,102,37104,86,76,0.66,26715,2724918,902
5/31/18,Animal Kingdom,0,0,102,34894,86,76,0.66,25124,2562615,903
5/31/18,Epcot,0,0,102,25372,86,76,0.66,18268,1863320,904
5/31/18,Universal Studios,0,0,115,39068,86,76,0.66,28129,3234830,905
5/31/18,Islands of Adventure,0,0,115,34348,86,76,0.66,24731,2844014,906
6/1/18,Magic Kingdom,0,0,109,63963,91,78,0.38,51810,5647293,907
6/1/18,Hollywood Studios,0,0,102,39972,91,78,0.38,32377,3302487,908
6/1/18,Animal Kingdom,0,0,102,30441,91,78,0.38,24657,2515035,909
6/1/18,Epcot,0,0,102,27967,91,78,0.38,22653,2310634,910
6/1/18,Universal Studios,0,0,115,39146,91,78,0.38,31708,3646450,911
6/1/18,Islands of Adventure,0,0,115,30124,91,78,0.38,24400,2806051,912
6/2/18,Magic Kingdom,1,0,109,75987,91,81,0.27,61549,6708892,913
6/2/18,Hollywood Studios,1,0,102,40282,91,81,0.27,32628,3328099,914
6/2/18,Animal Kingdom,1,0,102,36506,91,81,0.27,29570,3016126,915
6/2/18,Epcot,1,0,102,44469,91,81,0.27,36020,3674029,916
6/2/18,Universal Studios,1,0,115,48011,91,81,0.27,38889,4472225,917
6/2/18,Islands of Adventure,1,0,115,42243,91,81,0.27,34217,3934935,918
6/3/18,Magic Kingdom,1,0,109,81717,89,81,0.0,73545,8016438,919
6/3/18,Hollywood Studios,1,0,102,37731,89,81,0.0,33958,3463706,920
6/3/18,Animal Kingdom,1,0,102,32438,89,81,0.0,29194,2977808,921
6/3/18,Epcot,1,0,102,35221,89,81,0.0,31699,3233288,922
6/3/18,Universal Studios,1,0,115,45085,89,81,0.0,40577,4666298,923
6/3/18,Islands of Adventure,1,0,115,42889,89,81,0.0,38600,4439012,924
6/4/18,Magic Kingdom,0,0,109,63532,94,83,0.0,57179,6232489,925
6/4/18,Hollywood Studios,0,0,102,39832,94,83,0.0,35849,3656578,926
6/4/18,Animal Kingdom,0,0,102,30583,94,83,0.0,27525,2807519,927
6/4/18,Epcot,0,0,102,29862,94,83,0.0,26876,2741332,928
6/4/18,Universal Studios,0,0,115,43480,94,83,0.0,39132,4500180,929
6/4/18,Islands of Adventure,0,0,115,26823,94,83,0.0,24141,2776181,930
6/5/18,Magic Kingdom,0,0,109,62045,92,83,0.0,55841,6086615,931
6/5/18,Hollywood Studios,0,0,102,34777,92,83,0.0,31299,3192529,932
6/5/18,Animal Kingdom,0,0,102,32243,92,83,0.0,29019,2959907,933
6/5/18,Epcot,0,0,102,26593,92,83,0.0,23934,2441237,934
6/5/18,Universal Studios,0,0,115,35423,92,83,0.0,31881,3666281,935
6/5/18,Islands of Adventure,0,0,115,36767,92,83,0.0,33090,3805385,936
6/6/18,Magic Kingdom,0,0,109,61572,87,79,0.03,49873,5436192,937
6/6/18,Hollywood Studios,0,0,102,35231,87,79,0.03,28537,2910785,938
6/6/18,Animal Kingdom,0,0,102,28716,87,79,0.03,23260,2372516,939
6/6/18,Epcot,0,0,102,26002,87,79,0.03,21062,2148285,940
6/6/18,Universal Studios,0,0,115,39225,87,79,0.03,31772,3653809,941
6/6/18,Islands of Adventure,0,0,115,37096,87,79,0.03,30048,3455492,942
6/7/18,Magic Kingdom,0,0,109,64500,91,79,2.35,46440,5061960,943
6/7/18,Hollywood Studios,0,0,102,33447,91,79,2.35,24082,2456348,944
6/7/18,Animal Kingdom,0,0,102,29476,91,79,2.35,21223,2164717,945
6/7/18,Epcot,0,0,102,27712,91,79,2.35,19953,2035169,946
6/7/18,Universal Studios,0,0,115,42936,91,79,2.35,30914,3555101,947
6/7/18,Islands of Adventure,0,0,115,36151,91,79,2.35,26029,2993303,948
6/8/18,Magic Kingdom,0,0,109,63415,89,75,0.48,51366,5598910,949
6/8/18,Hollywood Studios,0,0,102,31415,89,75,0.48,25446,2595507,950
6/8/18,Animal Kingdom,0,0,102,27761,89,75,0.48,22486,2293614,951
6/8/18,Epcot,0,0,102,27831,89,75,0.48,22543,2299397,952
6/8/18,Universal Studios,0,0,115,42996,89,75,0.48,34827,4005077,953
6/8/18,Islands of Adventure,0,0,115,37053,89,75,0.48,30013,3451487,954
6/9/18,Magic Kingdom,1,0,109,77744,89,77,0.0,69970,7626686,955
6/9/18,Hollywood Studios,1,0,102,42359,89,77,0.0,38123,3888556,956
6/9/18,Animal Kingdom,1,0,102,38918,89,77,0.0,35026,3572672,957
6/9/18,Epcot,1,0,102,40676,89,77,0.0,36608,3734057,958
6/9/18,Universal Studios,1,0,115,53418,89,77,0.0,48076,5528763,959
6/9/18,Islands of Adventure,1,0,115,41913,89,77,0.0,37722,4337996,960
6/10/18,Magic Kingdom,1,0,109,80292,90,80,0.0,72263,7876645,961
6/10/18,Hollywood Studios,1,0,102,35274,90,80,0.0,31747,3238153,962
6/10/18,Animal Kingdom,1,0,102,35149,90,80,0.0,31634,3226678,963
6/10/18,Epcot,1,0,102,37951,90,80,0.0,34156,3483902,964
6/10/18,Universal Studios,1,0,115,49228,90,80,0.0,44305,5095098,965
6/10/18,Islands of Adventure,1,0,115,35409,90,80,0.0,31868,3664832,966
6/11/18,Magic Kingdom,0,0,109,60867,90,79,0.05,49302,5373947,967
6/11/18,Hollywood Studios,0,0,102,33852,90,79,0.05,27420,2796852,968
6/11/18,Animal Kingdom,0,0,102,30141,90,79,0.05,24414,2490249,969
6/11/18,Epcot,0,0,102,25953,90,79,0.05,21022,2144237,970
6/11/18,Universal Studios,0,0,115,37613,90,79,0.05,30467,3503651,971
6/11/18,Islands of Adventure,0,0,115,26534,90,79,0.05,21493,2471642,972
6/12/18,Magic Kingdom,0,0,109,63069,90,78,0.31,51086,5568362,973
6/12/18,Hollywood Studios,0,0,102,34599,90,78,0.31,28025,2858569,974
6/12/18,Animal Kingdom,0,0,102,29924,90,78,0.31,24238,2472321,975
6/12/18,Epcot,0,0,102,29676,90,78,0.31,24038,2451831,976
6/12/18,Universal Studios,0,0,115,35682,90,78,0.31,28902,3323778,977
6/12/18,Islands of Adventure,0,0,115,31768,90,78,0.31,25732,2959189,978
6/13/18,Magic Kingdom,0,0,109,63305,92,79,0.03,51277,5589198,979
6/13/18,Hollywood Studios,0,0,102,31964,92,79,0.03,25891,2640866,980
6/13/18,Animal Kingdom,0,0,102,31589,92,79,0.03,25587,2609883,981
6/13/18,Epcot,0,0,102,26942,92,79,0.03,21823,2225948,982
6/13/18,Universal Studios,0,0,115,36592,92,79,0.03,29640,3408545,983
6/13/18,Islands of Adventure,0,0,115,30947,92,79,0.03,25067,2882713,984
6/14/18,Magic Kingdom,0,0,109,60710,92,79,1.25,43711,4764521,985
6/14/18,Hollywood Studios,0,0,102,37598,92,79,1.25,27071,2761197,986
6/14/18,Animal Kingdom,0,0,102,30152,92,79,1.25,21709,2214363,987
6/14/18,Epcot,0,0,102,27923,92,79,1.25,20105,2050665,988
6/14/18,Universal Studios,0,0,115,41182,92,79,1.25,29651,3409870,989
6/14/18,Islands of Adventure,0,0,115,28138,92,79,1.25,20259,2329826,990
6/15/18,Magic Kingdom,0,0,109,60671,91,79,0.0,54604,5951825,991
6/15/18,Hollywood Studios,0,0,102,31416,91,79,0.0,28274,2883989,992
6/15/18,Animal Kingdom,0,0,102,33200,91,79,0.0,29880,3047760,993
6/15/18,Epcot,0,0,102,26538,91,79,0.0,23884,2436188,994
6/15/18,Universal Studios,0,0,115,40393,91,79,0.0,36354,4180676,995
6/15/18,Islands of Adventure,0,0,115,29172,91,79,0.0,26255,3019302,996
6/16/18,Magic Kingdom,1,0,109,76483,91,79,0.0,68835,7502982,997
6/16/18,Hollywood Studios,1,0,102,41143,91,79,0.0,37029,3776927,998
6/16/18,Animal Kingdom,1,0,102,33314,91,79,0.0,29983,3058225,999
6/16/18,Epcot,1,0,102,38889,91,79,0.0,35000,3570010,1000