Date,Park_Name,Is_Weekend,Is_Holiday,Estimated_Visitors,Ticket_Price,Revenue,rowid
1/1/18,Magic Kingdom,0,1,80523,129,"10,387,467",1
1/1/18,Hollywood Studios,0,1,37290,122,"4,549,380",2
1/1/18,Animal Kingdom,0,1,36954,122,"4,508,388",3
1/1/18,Epcot,0,1,43689,122,"5,330,058",4
1/1/18,Universal Studios,0,1,44093,124,"5,467,532",5
1/1/18,Islands of Adventure,0,1,43835,124,"5,435,540",6
1/2/18,Magic Kingdom,0,0,64212,109,"6,999,108",7
1/2/18,Hollywood Studios,0,0,30120,102,"3,072,240",8
1/2/18,Animal Kingdom,0,0,32915,102,"3,357,330",9
1/2/18,Epcot,0,0,27264,102,"2,780,928",10
1/2/18,Universal Studios,0,0,36839,115,"4,236,485",11
1/2/18,Islands of Adventure,0,0,31209,115,"3,589,035",12
1/3/18,Magic Kingdom,0,0,60068,109,"6,547,412",13
1/3/18,Hollywood Studios,0,0,36065,102,"3,678,630",14
1/3/18,Animal Kingdom,0,0,29884,102,"3,048,168",15
1/3/18,Epcot,0,0,25794,102,"2,630,988",16
1/3/18,Universal Studios,0,0,35581,115,"4,091,815",17
1/3/18,Islands of Adventure,0,0,29847,115,"3,432,405",18
1/4/18,Magic Kingdom,0,0,61251,109,"6,676,359",19
1/4/18,Hollywood Studios,0,0,31074,102,"3,169,548",20
1/4/18,Animal Kingdom,0,0,30420,102,"3,102,840",21
1/4/18,Epcot,0,0,29769,102,"3,036,438",22
1/4/18,Universal Studios,0,0,35092,115,"4,035,580",23
1/4/18,Islands of Adventure,0,0,27479,115,"3,160,085",24
1/5/18,Magic Kingdom,0,0,63027,109,"6,869,943",25
1/5/18,Hollywood Studios,0,0,32916,102,"3,357,432",26
1/5/18,Animal Kingdom,0,0,32922,102,"3,358,044",27
1/5/18,Epcot,0,0,29649,102,"3,024,198",28
1/5/18,Universal Studios,0,0,38330,115,"4,407,950",29
1/5/18,Islands of Adventure,0,0,25311,115,"2,910,765",30
1/6/18,Magic Kingdom,1,0,84222,109,"9,180,198",31
1/6/18,Hollywood Studios,1,0,37446,102,"3,819,492",32
1/6/18,Animal Kingdom,1,0,32444,102,"3,309,288",33
1/6/18,Epcot,1,0,36955,102,"3,769,410",34
1/6/18,Universal Studios,1,0,40148,115,"4,617,020",35
1/6/18,Islands of Adventure,1,0,41012,115,"4,716,380",36
1/7/18,Magic Kingdom,1,0,83655,109,"9,118,395",37
1/7/18,Hollywood Studios,1,0,43596,102,"4,446,792",38
1/7/18,Animal Kingdom,1,0,30795,102,"3,141,090",39
1/7/18,Epcot,1,0,40543,102,"4,135,386",40
1/7/18,Universal Studios,1,0,40202,115,"4,623,230",41
1/7/18,Islands of Adventure,1,0,37799,115,"4,346,885",42
1/8/18,Magic Kingdom,0,0,61940,109,"6,751,460",43
1/8/18,Hollywood Studios,0,0,37329,102,"3,807,558",44
1/8/18,Animal Kingdom,0,0,26950,102,"2,748,900",45
1/8/18,Epcot,0,0,25948,102,"2,646,696",46
1/8/18,Universal Studios,0,0,42627,115,"4,902,105",47
1/8/18,Islands of Adventure,0,0,33547,115,"3,857,905",48
1/9/18,Magic Kingdom,0,0,64244,109,"7,002,596",49
1/9/18,Hollywood Studios,0,0,33856,102,"3,453,312",50
1/9/18,Animal Kingdom,0,0,30134,102,"3,073,668",51
1/9/18,Epcot,0,0,28785,102,"2,936,070",52
1/9/18,Universal Studios,0,0,36986,115,"4,253,390",53
1/9/18,Islands of Adventure,0,0,33083,115,"3,804,545",54
1/10/18,Magic Kingdom,0,0,62314,109,"6,792,226",55
1/10/18,Hollywood Studios,0,0,39401,102,"4,018,902",56
1/10/18,Animal Kingdom,0,0,34644,102,"3,533,688",57
1/10/18,Epcot,0,0,25568,102,"2,607,936",58
1/10/18,Universal Studios,0,0,40928,115,"4,706,720",59
1/10/18,Islands of Adventure,0,0,29391,115,"3,379,965",60
1/11/18,Magic Kingdom,0,0,62614,109,"6,824,926",61
1/11/18,Hollywood Studios,0,0,30059,102,"3,066,018",62
1/11/18,Animal Kingdom,0,0,33521,102,"3,419,142",63
1/11/18,Epcot,0,0,27418,102,"2,796,636",64
1/11/18,Universal Studios,0,0,40878,115,"4,700,970",65
1/11/18,Islands of Adventure,0,0,31544,115,"3,627,560",66
1/12/18,Magic Kingdom,0,0,62046,109,"6,763,014",67
1/12/18,Hollywood Studios,0,0,39414,102,"4,020,228",68
1/12/18,Animal Kingdom,0,0,30157,102,"3,076,014",69
1/12/18,Epcot,0,0,29557,102,"3,014,814",70
1/12/18,Universal Studios,0,0,35544,115,"4,087,560",71
1/12/18,Islands of Adventure,0,0,37576,115,"4,321,240",72
1/13/18,Magic Kingdom,1,0,87723,109,"9,561,807",73
1/13/18,Hollywood Studios,1,0,37095,102,"3,783,690",74
1/13/18,Animal Kingdom,1,0,37845,102,"3,860,190",75
1/13/18,Epcot,1,0,44665,102,"4,555,830",76
1/13/18,Universal Studios,1,0,53214,115,"6,119,610",77
1/13/18,Islands of Adventure,1,0,42453,115,"4,882,095",78
1/14/18,Magic Kingdom,1,0,87007,109,"9,483,763",79
1/14/18,Hollywood Studios,1,0,39475,102,"4,026,450",80
1/14/18,Animal Kingdom,1,0,38392,102,"3,915,984",81
1/14/18,Epcot,1,0,39298,102,"4,008,396",82
1/14/18,Universal Studios,1,0,48090,115,"5,530,350",83
1/14/18,Islands of Adventure,1,0,39226,115,"4,510,990",84
1/15/18,Magic Kingdom,0,1,89738,129,"11,576,202",85
1/15/18,Hollywood Studios,0,1,44448,122,"5,422,656",86
1/15/18,Animal Kingdom,0,1,37390,122,"4,561,580",87
1/15/18,Epcot,0,1,40049,122,"4,885,978",88
1/15/18,Universal Studios,0,1,46682,124,"5,788,568",89
1/15/18,Islands of Adventure,0,1,44807,124,"5,556,068",90
1/16/18,Magic Kingdom,0,0,61008,109,"6,649,872",91
1/16/18,Hollywood Studios,0,0,30061,102,"3,066,222",92
1/16/18,Animal Kingdom,0,0,25741,102,"2,625,582",93
1/16/18,Epcot,0,0,29795,102,"3,039,090",94
1/16/18,Universal Studios,0,0,38048,115,"4,375,520",95
1/16/18,Islands of Adventure,0,0,28487,115,"3,276,005",96
1/17/18,Magic Kingdom,0,0,63091,109,"6,876,919",97
1/17/18,Hollywood Studios,0,0,32173,102,"3,281,646",98
1/17/18,Animal Kingdom,0,0,29545,102,"3,013,590",99
1/17/18,Epcot,0,0,26152,102,"2,667,504",100
1/17/18,Universal Studios,0,0,44325,115,"5,097,375",101
1/17/18,Islands of Adventure,0,0,29533,115,"3,396,295",102
1/18/18,Magic Kingdom,0,0,61082,109,"6,657,938",103
1/18/18,Hollywood Studios,0,0,36736,102,"3,747,072",104
1/18/18,Animal Kingdom,0,0,34800,102,"3,549,600",105
1/18/18,Epcot,0,0,28649,102,"2,922,198",106
1/18/18,Universal Studios,0,0,42675,115,"4,907,625",107
1/18/18,Islands of Adventure,0,0,27300,115,"3,139,500",108
1/19/18,Magic Kingdom,0,0,64242,109,"7,002,378",109
1/19/18,Hollywood Studios,0,0,38711,102,"3,948,522",110
1/19/18,Animal Kingdom,0,0,30163,102,"3,076,626",111
1/19/18,Epcot,0,0,26586,102,"2,711,772",112
1/19/18,Universal Studios,0,0,37600,115,"4,324,000",113
1/19/18,Islands of Adventure,0,0,26205,115,"3,013,575",114
1/20/18,Magic Kingdom,1,0,87849,109,"9,575,541",115
1/20/18,Hollywood Studios,1,0,38483,102,"3,925,266",116
1/20/18,Animal Kingdom,1,0,33303,102,"3,396,906",117
1/20/18,Epcot,1,0,36933,102,"3,767,166",118
1/20/18,Universal Studios,1,0,51284,115,"5,897,660",119
1/20/18,Islands of Adventure,1,0,42094,115,"4,840,810",120
1/21/18,Magic Kingdom,1,0,88416,109,"9,637,344",121
1/21/18,Hollywood Studios,1,0,35689,102,"3,640,278",122
1/21/18,Animal Kingdom,1,0,34094,102,"3,477,588",123
1/21/18,Epcot,1,0,36951,102,"3,769,002",124
1/21/18,Universal Studios,1,0,54205,115,"6,233,575",125
1/21/18,Islands of Adventure,1,0,35439,115,"4,075,485",126
1/22/18,Magic Kingdom,0,0,64551,109,"7,036,059",127
1/22/18,Hollywood Studios,0,0,32034,102,"3,267,468",128
1/22/18,Animal Kingdom,0,0,33961,102,"3,464,022",129
1/22/18,Epcot,0,0,25296,102,"2,580,192",130
1/22/18,Universal Studios,0,0,43701,115,"5,025,615",131
1/22/18,Islands of Adventure,0,0,26081,115,"2,999,315",132
1/23/18,Magic Kingdom,0,0,62907,109,"6,856,863",133
1/23/18,Hollywood Studios,0,0,33179,102,"3,384,258",134
1/23/18,Animal Kingdom,0,0,34056,102,"3,473,712",135
1/23/18,Epcot,0,0,26224,102,"2,674,848",136
1/23/18,Universal Studios,0,0,35882,115,"4,126,430",137
1/23/18,Islands of Adventure,0,0,31759,115,"3,652,285",138
1/24/18,Magic Kingdom,0,0,63082,109,"6,875,938",139
1/24/18,Hollywood Studios,0,0,39234,102,"4,001,868",140
1/24/18,Animal Kingdom,0,0,33423,102,"3,409,146",141
1/24/18,Epcot,0,0,26462,102,"2,699,124",142
1/24/18,Universal Studios,0,0,42862,115,"4,929,130",143
1/24/18,Islands of Adventure,0,0,39060,115,"4,491,900",144
1/25/18,Magic Kingdom,0,0,60861,109,"6,633,849",145
1/25/18,Hollywood Studios,0,0,38049,102,"3,880,998",146
1/25/18,Animal Kingdom,0,0,25920,102,"2,643,840",147
1/25/18,Epcot,0,0,25528,102,"2,603,856",148
1/25/18,Universal Studios,0,0,44852,115,"5,157,980",149
1/25/18,Islands of Adventure,0,0,25652,115,"2,949,980",150
1/26/18,Magic Kingdom,0,0,63368,109,"6,907,112",151
1/26/18,Hollywood Studios,0,0,35533,102,"3,624,366",152
1/26/18,Animal Kingdom,0,0,34423,102,"3,511,146",153
1/26/18,Epcot,0,0,28017,102,"2,857,734",154
1/26/18,Universal Studios,0,0,43164,115,"4,963,860",155
1/26/18,Islands of Adventure,0,0,29300,115,"3,369,500",156
1/27/18,Magic Kingdom,1,0,80138,109,"8,735,042",157
1/27/18,Hollywood Studios,1,0,42979,102,"4,383,858",158
1/27/18,Animal Kingdom,1,0,30435,102,"3,104,370",159
1/27/18,Epcot,1,0,39409,102,"4,019,718",160
1/27/18,Universal Studios,1,0,43898,115,"5,048,270",161
1/27/18,Islands of Adventure,1,0,40200,115,"4,623,000",162
1/28/18,Magic Kingdom,1,0,85511,109,"9,320,699",163
1/28/18,Hollywood Studios,1,0,43696,102,"4,456,992",164
1/28/18,Animal Kingdom,1,0,32099,102,"3,274,098",165
1/28/18,Epcot,1,0,39917,102,"4,071,534",166
1/28/18,Universal Studios,1,0,42123,115,"4,844,145",167
1/28/18,Islands of Adventure,1,0,37977,115,"4,367,355",168
1/29/18,Magic Kingdom,0,0,64384,109,"7,017,856",169
1/29/18,Hollywood Studios,0,0,35721,102,"3,643,542",170
1/29/18,Animal Kingdom,0,0,31720,102,"3,235,440",171
1/29/18,Epcot,0,0,29326,102,"2,991,252",172
1/29/18,Universal Studios,0,0,38211,115,"4,394,265",173
1/29/18,Islands of Adventure,0,0,32686,115,"3,758,890",174
1/30/18,Magic Kingdom,0,0,63573,109,"6,929,457",175
1/30/18,Hollywood Studios,0,0,35050,102,"3,575,100",176
1/30/18,Animal Kingdom,0,0,31204,102,"3,182,808",177
1/30/18,Epcot,0,0,29610,102,"3,020,220",178
1/30/18,Universal Studios,0,0,41198,115,"4,737,770",179
1/30/18,Islands of Adventure,0,0,28413,115,"3,267,495",180
1/31/18,Magic Kingdom,0,0,64761,109,"7,058,949",181
1/31/18,Hollywood Studios,0,0,35462,102,"3,617,124",182
1/31/18,Animal Kingdom,0,0,28540,102,"2,911,080",183
1/31/18,Epcot,0,0,28038,102,"2,859,876",184
1/31/18,Universal Studios,0,0,37391,115,"4,299,965",185
1/31/18,Islands of Adventure,0,0,27867,115,"3,204,705",186
2/1/18,Magic Kingdom,0,0,60390,109,"6,582,510",187
2/1/18,Hollywood Studios,0,0,39237,102,"4,002,174",188
2/1/18,Animal Kingdom,0,0,30848,102,"3,146,496",189
2/1/18,Epcot,0,0,29539,102,"3,012,978",190
2/1/18,Universal Studios,0,0,42823,115,"4,924,645",191
2/1/18,Islands of Adventure,0,0,33551,115,"3,858,365",192
2/2/18,Magic Kingdom,0,0,62795,109,"6,844,655",193
2/2/18,Hollywood Studios,0,0,36162,102,"3,688,524",194
2/2/18,Animal Kingdom,0,0,32615,102,"3,326,730",195
2/2/18,Epcot,0,0,25463,102,"2,597,226",196
2/2/18,Universal Studios,0,0,40793,115,"4,691,195",197
2/2/18,Islands of Adventure,0,0,30199,115,"3,472,885",198
2/3/18,Magic Kingdom,1,0,82667,109,"9,010,703",199
2/3/18,Hollywood Studios,1,0,39280,102,"4,006,560",200
2/3/18,Animal Kingdom,1,0,36221,102,"3,694,542",201
2/3/18,Epcot,1,0,39237,102,"4,002,174",202
2/3/18,Universal Studios,1,0,52682,115,"6,058,430",203
2/3/18,Islands of Adventure,1,0,40722,115,"4,683,030",204
2/4/18,Magic Kingdom,1,0,77831,109,"8,483,579",205
2/4/18,Hollywood Studios,1,0,35151,102,"3,585,402",206
2/4/18,Animal Kingdom,1,0,38670,102,"3,944,340",207
2/4/18,Epcot,1,0,40417,102,"4,122,534",208
2/4/18,Universal Studios,1,0,45186,115,"5,196,390",209
2/4/18,Islands of Adventure,1,0,38003,115,"4,370,345",210
2/5/18,Magic Kingdom,0,0,60958,109,"6,644,422",211
2/5/18,Hollywood Studios,0,0,33127,102,"3,378,954",212
2/5/18,Animal Kingdom,0,0,33873,102,"3,455,046",213
2/5/18,Epcot,0,0,29214,102,"2,979,828",214
2/5/18,Universal Studios,0,0,42368,115,"4,872,320",215
2/5/18,Islands of Adventure,0,0,37480,115,"4,310,200",216
2/6/18,Magic Kingdom,0,0,62692,109,"6,833,428",217
2/6/18,Hollywood Studios,0,0,32247,102,"3,289,194",218
2/6/18,Animal Kingdom,0,0,30018,102,"3,061,836",219
2/6/18,Epcot,0,0,29843,102,"3,043,986",220
2/6/18,Universal Studios,0,0,44411,115,"5,107,265",221
2/6/18,Islands of Adventure,0,0,27404,115,"3,151,460",222
2/7/18,Magic Kingdom,0,0,60087,109,"6,549,483",223
2/7/18,Hollywood Studios,0,0,33935,102,"3,461,370",224
2/7/18,Animal Kingdom,0,0,33218,102,"3,388,236",225
2/7/18,Epcot,0,0,26753,102,"2,728,806",226
2/7/18,Universal Studios,0,0,41892,115,"4,817,580",227
2/7/18,Islands of Adventure,0,0,35058,115,"4,031,670",228
2/8/18,Magic Kingdom,0,0,64653,109,"7,047,177",229
2/8/18,Hollywood Studios,0,0,36147,102,"3,686,994",230
2/8/18,Animal Kingdom,0,0,26417,102,"2,694,534",231
2/8/18,Epcot,0,0,29607,102,"3,019,914",232
2/8/18,Universal Studios,0,0,43747,115,"5,030,905",233
2/8/18,Islands of Adventure,0,0,33127,115,"3,809,605",234
2/9/18,Magic Kingdom,0,0,63658,109,"6,938,722",235
2/9/18,Hollywood Studios,0,0,37056,102,"3,779,712",236
2/9/18,Animal Kingdom,0,0,33127,102,"3,378,954",237
2/9/18,Epcot,0,0,25427,102,"2,593,554",238
2/9/18,Universal Studios,0,0,38788,115,"4,460,620",239
2/9/18,Islands of Adventure,0,0,37878,115,"4,355,970",240
2/10/18,Magic Kingdom,1,0,82172,109,"8,956,748",241
2/10/18,Hollywood Studios,1,0,41756,102,"4,259,112",242
2/10/18,Animal Kingdom,1,0,39290,102,"4,007,580",243
2/10/18,Epcot,1,0,36300,102,"3,702,600",244
2/10/18,Universal Studios,1,0,48738,115,"5,604,870",245
2/10/18,Islands of Adventure,1,0,43643,115,"5,018,945",246
2/11/18,Magic Kingdom,1,0,76549,109,"8,343,841",247
2/11/18,Hollywood Studios,1,0,40156,102,"4,095,912",248
2/11/18,Animal Kingdom,1,0,36647,102,"3,737,994",249
2/11/18,Epcot,1,0,43294,102,"4,415,988",250
2/11/18,Universal Studios,1,0,52472,115,"6,034,280",251
2/11/18,Islands of Adventure,1,0,35637,115,"4,098,255",252
2/12/18,Magic Kingdom,0,0,62329,109,"6,793,861",253
2/12/18,Hollywood Studios,0,0,37639,102,"3,839,178",254
2/12/18,Animal Kingdom,0,0,25227,102,"2,573,154",255
2/12/18,Epcot,0,0,28678,102,"2,925,156",256
2/12/18,Universal Studios,0,0,36458,115,"4,192,670",257
2/12/18,Islands of Adventure,0,0,39185,115,"4,506,275",258
2/13/18,Magic Kingdom,0,0,63822,109,"6,956,598",259
2/13/18,Hollywood Studios,0,0,34035,102,"3,471,570",260
2/13/18,Animal Kingdom,0,0,27011,102,"2,755,122",261
2/13/18,Epcot,0,0,25266,102,"2,577,132",262
2/13/18,Universal Studios,0,0,39384,115,"4,529,160",263
2/13/18,Islands of Adventure,0,0,37868,115,"4,354,820",264
2/14/18,Magic Kingdom,0,0,62196,109,"6,779,364",265
2/14/18,Hollywood Studios,0,0,31859,102,"3,249,618",266
2/14/18,Animal Kingdom,0,0,27257,102,"2,780,214",267
2/14/18,Epcot,0,0,27949,102,"2,850,798",268
2/14/18,Universal Studios,0,0,35629,115,"4,097,335",269
2/14/18,Islands of Adventure,0,0,39600,115,"4,554,000",270
2/15/18,Magic Kingdom,0,0,63132,109,"6,881,388",271
2/15/18,Hollywood Studios,0,0,30644,102,"3,125,688",272
2/15/18,Animal Kingdom,0,0,29472,102,"3,006,144",273
2/15/18,Epcot,0,0,26019,102,"2,653,938",274
2/15/18,Universal Studios,0,0,37290,115,"4,288,350",275
2/15/18,Islands of Adventure,0,0,39485,115,"4,540,775",276
2/16/18,Magic Kingdom,0,0,61961,109,"6,753,749",277
2/16/18,Hollywood Studios,0,0,37177,102,"3,792,054",278
2/16/18,Animal Kingdom,0,0,27184,102,"2,772,768",279
2/16/18,Epcot,0,0,26830,102,"2,736,660",280
2/16/18,Universal Studios,0,0,43087,115,"4,955,005",281
2/16/18,Islands of Adventure,0,0,27627,115,"3,177,105",282
2/17/18,Magic Kingdom,1,0,83829,109,"9,137,361",283
2/17/18,Hollywood Studios,1,0,40532,102,"4,134,264",284
2/17/18,Animal Kingdom,1,0,36135,102,"3,685,770",285
2/17/18,Epcot,1,0,40988,102,"4,180,776",286
2/17/18,Universal Studios,1,0,47037,115,"5,409,255",287
2/17/18,Islands of Adventure,1,0,38249,115,"4,398,635",288
2/18/18,Magic Kingdom,1,0,78668,109,"8,574,812",289
2/18/18,Hollywood Studios,1,0,38790,102,"3,956,580",290
2/18/18,Animal Kingdom,1,0,35256,102,"3,596,112",291
2/18/18,Epcot,1,0,44442,102,"4,533,084",292
2/18/18,Universal Studios,1,0,44447,115,"5,111,405",293
2/18/18,Islands of Adventure,1,0,43563,115,"5,009,745",294
2/19/18,Magic Kingdom,0,1,75479,129,"9,736,791",295
2/19/18,Hollywood Studios,0,1,37787,122,"4,610,014",296
2/19/18,Animal Kingdom,0,1,37386,122,"4,561,092",297
2/19/18,Epcot,0,1,35314,122,"4,308,308",298
2/19/18,Universal Studios,0,1,50792,124,"6,298,208",299
2/19/18,Islands of Adventure,0,1,37663,124,"4,670,212",300
2/20/18,Magic Kingdom,0,0,60886,109,"6,636,574",301
2/20/18,Hollywood Studios,0,0,33248,102,"3,391,296",302
2/20/18,Animal Kingdom,0,0,28943,102,"2,952,186",303
2/20/18,Epcot,0,0,26702,102,"2,723,604",304
2/20/18,Universal Studios,0,0,40989,115,"4,713,735",305
2/20/18,Islands of Adventure,0,0,27600,115,"3,174,000",306
2/21/18,Magic Kingdom,0,0,64073,109,"6,983,957",307
2/21/18,Hollywood Studios,0,0,35946,102,"3,666,492",308
2/21/18,Animal Kingdom,0,0,27369,102,"2,791,638",309
2/21/18,Epcot,0,0,26981,102,"2,752,062",310
2/21/18,Universal Studios,0,0,41941,115,"4,823,215",311
2/21/18,Islands of Adventure,0,0,27839,115,"3,201,485",312
2/22/18,Magic Kingdom,0,0,60707,109,"6,617,063",313
2/22/18,Hollywood Studios,0,0,34974,102,"3,567,348",314
2/22/18,Animal Kingdom,0,0,27655,102,"2,820,810",315
2/22/18,Epcot,0,0,29556,102,"3,014,712",316
2/22/18,Universal Studios,0,0,37486,115,"4,310,890",317
2/22/18,Islands of Adventure,0,0,37649,115,"4,329,635",318
2/23/18,Magic Kingdom,0,0,60287,109,"6,571,283",319
2/23/18,Hollywood Studios,0,0,37726,102,"3,848,052",320
2/23/18,Animal Kingdom,0,0,26278,102,"2,680,356",321
2/23/18,Epcot,0,0,27815,102,"2,837,130",322
2/23/18,Universal Studios,0,0,44718,115,"5,142,570",323
2/23/18,Islands of Adventure,0,0,26458,115,"3,042,670",324
2/24/18,Magic Kingdom,1,0,88177,109,"9,611,293",325
2/24/18,Hollywood Studios,1,0,40442,102,"4,125,084",326
2/24/18,Animal Kingdom,1,0,34830,102,"3,552,660",327
2/24/18,Epcot,1,0,37563,102,"3,831,426",328
2/24/18,Universal Studios,1,0,40638,115,"4,673,370",329
2/24/18,Islands of Adventure,1,0,36068,115,"4,147,820",330
2/25/18,Magic Kingdom,1,0,79002,109,"8,611,218",331
2/25/18,Hollywood Studios,1,0,36015,102,"3,673,530",332
2/25/18,Animal Kingdom,1,0,38733,102,"3,950,766",333
2/25/18,Epcot,1,0,40349,102,"4,115,598",334
2/25/18,Universal Studios,1,0,54224,115,"6,235,760",335
2/25/18,Islands of Adventure,1,0,35265,115,"4,055,475",336
2/26/18,Magic Kingdom,0,0,63598,109,"6,932,182",337
2/26/18,Hollywood Studios,0,0,39470,102,"4,025,940",338
2/26/18,Animal Kingdom,0,0,31460,102,"3,208,920",339
2/26/18,Epcot,0,0,25040,102,"2,554,080",340
2/26/18,Universal Studios,0,0,38346,115,"4,409,790",341
2/26/18,Islands of Adventure,0,0,36108,115,"4,152,420",342
2/27/18,Magic Kingdom,0,0,60694,109,"6,615,646",343
2/27/18,Hollywood Studios,0,0,38882,102,"3,965,964",344
2/27/18,Animal Kingdom,0,0,28227,102,"2,879,154",345
2/27/18,Epcot,0,0,28059,102,"2,862,018",346
2/27/18,Universal Studios,0,0,42052,115,"4,835,980",347
2/27/18,Islands of Adventure,0,0,28770,115,"3,308,550",348
2/28/18,Magic Kingdom,0,0,64651,109,"7,046,959",349
2/28/18,Hollywood Studios,0,0,38840,102,"3,961,680",350
2/28/18,Animal Kingdom,0,0,25650,102,"2,616,300",351
2/28/18,Epcot,0,0,29619,102,"3,021,138",352
2/28/18,Universal Studios,0,0,39788,115,"4,575,620",353
2/28/18,Islands of Adventure,0,0,35395,115,"4,070,425",354
3/1/18,Magic Kingdom,0,0,61640,109,"6,718,760",355
3/1/18,Hollywood Studios,0,0,37373,102,"3,812,046",356
3/1/18,Animal Kingdom,0,0,34433,102,"3,512,166",357
3/1/18,Epcot,0,0,28957,102,"2,953,614",358
3/1/18,Universal Studios,0,0,35468,115,"4,078,820",359
3/1/18,Islands of Adventure,0,0,39091,115,"4,495,465",360
3/2/18,Magic Kingdom,0,0,64499,109,"7,030,391",361
3/2/18,Hollywood Studios,0,0,33884,102,"3,456,168",362
3/2/18,Animal Kingdom,0,0,34631,102,"3,532,362",363
3/2/18,Epcot,0,0,27911,102,"2,846,922",364
3/2/18,Universal Studios,0,0,43918,115,"5,050,570",365
3/2/18,Islands of Adventure,0,0,31215,115,"3,589,725",366
3/3/18,Magic Kingdom,1,0,86198,109,"9,395,582",367
3/3/18,Hollywood Studios,1,0,38494,102,"3,926,388",368
3/3/18,Animal Kingdom,1,0,32121,102,"3,276,342",369
3/3/18,Epcot,1,0,39889,102,"4,068,678",370
3/3/18,Universal Studios,1,0,44715,115,"5,142,225",371
3/3/18,Islands of Adventure,1,0,37375,115,"4,298,125",372
3/4/18,Magic Kingdom,1,0,75386,109,"8,217,074",373
3/4/18,Hollywood Studios,1,0,42498,102,"4,334,796",374
3/4/18,Animal Kingdom,1,0,32484,102,"3,313,368",375
3/4/18,Epcot,1,0,39654,102,"4,044,708",376
3/4/18,Universal Studios,1,0,43224,115,"4,970,760",377
3/4/18,Islands of Adventure,1,0,41784,115,"4,805,160",378
3/5/18,Magic Kingdom,0,0,61385,109,"6,690,965",379
3/5/18,Hollywood Studios,0,0,38787,102,"3,956,274",380
3/5/18,Animal Kingdom,0,0,30840,102,"3,145,680",381
3/5/18,Epcot,0,0,29427,102,"3,001,554",382
3/5/18,Universal Studios,0,0,44050,115,"5,065,750",383
3/5/18,Islands of Adventure,0,0,31804,115,"3,657,460",384
3/6/18,Magic Kingdom,0,0,61023,109,"6,651,507",385
3/6/18,Hollywood Studios,0,0,38404,102,"3,917,208",386
3/6/18,Animal Kingdom,0,0,28592,102,"2,916,384",387
3/6/18,Epcot,0,0,27889,102,"2,844,678",388
3/6/18,Universal Studios,0,0,44377,115,"5,103,355",389
3/6/18,Islands of Adventure,0,0,39770,115,"4,573,550",390
3/7/18,Magic Kingdom,0,0,60431,109,"6,586,979",391
3/7/18,Hollywood Studios,0,0,38111,102,"3,887,322",392
3/7/18,Animal Kingdom,0,0,26073,102,"2,659,446",393
3/7/18,Epcot,0,0,26970,102,"2,750,940",394
3/7/18,Universal Studios,0,0,36046,115,"4,145,290",395
3/7/18,Islands of Adventure,0,0,36177,115,"4,160,355",396
3/8/18,Magic Kingdom,0,0,61070,109,"6,656,630",397
3/8/18,Hollywood Studios,0,0,37713,102,"3,846,726",398
3/8/18,Animal Kingdom,0,0,25596,102,"2,610,792",399
3/8/18,Epcot,0,0,26446,102,"2,697,492",400
3/8/18,Universal Studios,0,0,42425,115,"4,878,875",401
3/8/18,Islands of Adventure,0,0,37095,115,"4,265,925",402
3/9/18,Magic Kingdom,0,0,63629,109,"6,935,561",403
3/9/18,Hollywood Studios,0,0,30125,102,"3,072,750",404
3/9/18,Animal Kingdom,0,0,26358,102,"2,688,516",405
3/9/18,Epcot,0,0,26411,102,"2,693,922",406
3/9/18,Universal Studios,0,0,36473,115,"4,194,395",407
3/9/18,Islands of Adventure,0,0,35521,115,"4,084,915",408
3/10/18,Magic Kingdom,1,0,88393,109,"9,634,837",409
3/10/18,Hollywood Studios,1,0,35444,102,"3,615,288",410
3/10/18,Animal Kingdom,1,0,31746,102,"3,238,092",411
3/10/18,Epcot,1,0,39116,102,"3,989,832",412
3/10/18,Universal Studios,1,0,48077,115,"5,528,855",413
3/10/18,Islands of Adventure,1,0,43947,115,"5,053,905",414
3/11/18,Magic Kingdom,1,0,86440,109,"9,421,960",415
3/11/18,Hollywood Studios,1,0,43298,102,"4,416,396",416
3/11/18,Animal Kingdom,1,0,36837,102,"3,757,374",417
3/11/18,Epcot,1,0,43156,102,"4,401,912",418
3/11/18,Universal Studios,1,0,46917,115,"5,395,455",419
3/11/18,Islands of Adventure,1,0,44589,115,"5,127,735",420
3/12/18,Magic Kingdom,0,0,60903,109,"6,638,427",421
3/12/18,Hollywood Studios,0,0,31609,102,"3,224,118",422
3/12/18,Animal Kingdom,0,0,31720,102,"3,235,440",423
3/12/18,Epcot,0,0,29988,102,"3,058,776",424
3/12/18,Universal Studios,0,0,41544,115,"4,777,560",425
3/12/18,Islands of Adventure,0,0,26564,115,"3,054,860",426
3/13/18,Magic Kingdom,0,0,60182,109,"6,559,838",427
3/13/18,Hollywood Studios,0,0,35938,102,"3,665,676",428
3/13/18,Animal Kingdom,0,0,34161,102,"3,484,422",429
3/13/18,Epcot,0,0,27569,102,"2,812,038",430
3/13/18,Universal Studios,0,0,36832,115,"4,235,680",431
3/13/18,Islands of Adventure,0,0,32619,115,"3,751,185",432
3/14/18,Magic Kingdom,0,0,60489,109,"6,593,301",433
3/14/18,Hollywood Studios,0,0,36124,102,"3,684,648",434
3/14/18,Animal Kingdom,0,0,31477,102,"3,210,654",435
3/14/18,Epcot,0,0,28618,102,"2,919,036",436
3/14/18,Universal Studios,0,0,36703,115,"4,220,845",437
3/14/18,Islands of Adventure,0,0,28866,115,"3,319,590",438
3/15/18,Magic Kingdom,0,0,64717,109,"7,054,153",439
3/15/18,Hollywood Studios,0,0,32071,102,"3,271,242",440
3/15/18,Animal Kingdom,0,0,30131,102,"3,073,362",441
3/15/18,Epcot,0,0,28531,102,"2,910,162",442
3/15/18,Universal Studios,0,0,39007,115,"4,485,805",443
3/15/18,Islands of Adventure,0,0,34588,115,"3,977,620",444
3/16/18,Magic Kingdom,0,0,63722,109,"6,945,698",445
3/16/18,Hollywood Studios,0,0,33007,102,"3,366,714",446
3/16/18,Animal Kingdom,0,0,28735,102,"2,930,970",447
3/16/18,Epcot,0,0,28933,102,"2,951,166",448
3/16/18,Universal Studios,0,0,43976,115,"5,057,240",449
3/16/18,Islands of Adventure,0,0,29287,115,"3,368,005",450
3/17/18,Magic Kingdom,1,0,76264,109,"8,312,776",451
3/17/18,Hollywood Studios,1,0,39279,102,"4,006,458",452
3/17/18,Animal Kingdom,1,0,38577,102,"3,934,854",453
3/17/18,Epcot,1,0,35162,102,"3,586,524",454
3/17/18,Universal Studios,1,0,50986,115,"5,863,390",455
3/17/18,Islands of Adventure,1,0,42889,115,"4,932,235",456
3/18/18,Magic Kingdom,1,0,80707,109,"8,797,063",457
3/18/18,Hollywood Studios,1,0,38955,102,"3,973,410",458
3/18/18,Animal Kingdom,1,0,34665,102,"3,535,830",459
3/18/18,Epcot,1,0,38819,102,"3,959,538",460
3/18/18,Universal Studios,1,0,45384,115,"5,219,160",461
3/18/18,Islands of Adventure,1,0,43105,115,"4,957,075",462
3/19/18,Magic Kingdom,0,0,61660,109,"6,720,940",463
3/19/18,Hollywood Studios,0,0,32112,102,"3,275,424",464
3/19/18,Animal Kingdom,0,0,27232,102,"2,777,664",465
3/19/18,Epcot,0,0,29655,102,"3,024,810",466
3/19/18,Universal Studios,0,0,37477,115,"4,309,855",467
3/19/18,Islands of Adventure,0,0,29078,115,"3,343,970",468
3/20/18,Magic Kingdom,0,0,63201,109,"6,888,909",469
3/20/18,Hollywood Studios,0,0,32895,102,"3,355,290",470
3/20/18,Animal Kingdom,0,0,30735,102,"3,134,970",471
3/20/18,Epcot,0,0,25357,102,"2,586,414",472
3/20/18,Universal Studios,0,0,35072,115,"4,033,280",473
3/20/18,Islands of Adventure,0,0,31468,115,"3,618,820",474
3/21/18,Magic Kingdom,0,0,62890,109,"6,855,010",475
3/21/18,Hollywood Studios,0,0,34050,102,"3,473,100",476
3/21/18,Animal Kingdom,0,0,28610,102,"2,918,220",477
3/21/18,Epcot,0,0,26251,102,"2,677,602",478
3/21/18,Universal Studios,0,0,37795,115,"4,346,425",479
3/21/18,Islands of Adventure,0,0,31810,115,"3,658,150",480
3/22/18,Magic Kingdom,0,0,61399,109,"6,692,491",481
3/22/18,Hollywood Studios,0,0,34792,102,"3,548,784",482
3/22/18,Animal Kingdom,0,0,33672,102,"3,434,544",483
3/22/18,Epcot,0,0,25455,102,"2,596,410",484
3/22/18,Universal Studios,0,0,39265,115,"4,515,475",485
3/22/18,Islands of Adventure,0,0,33038,115,"3,799,370",486
3/23/18,Magic Kingdom,0,0,60664,109,"6,612,376",487
3/23/18,Hollywood Studios,0,0,39862,102,"4,065,924",488
3/23/18,Animal Kingdom,0,0,29263,102,"2,984,826",489
3/23/18,Epcot,0,0,27823,102,"2,837,946",490
3/23/18,Universal Studios,0,0,40293,115,"4,633,695",491
3/23/18,Islands of Adventure,0,0,35400,115,"4,071,000",492
3/24/18,Magic Kingdom,1,0,85912,109,"9,364,408",493
3/24/18,Hollywood Studios,1,0,38939,102,"3,971,778",494
3/24/18,Animal Kingdom,1,0,35082,102,"3,578,364",495
3/24/18,Epcot,1,0,44569,102,"4,546,038",496
3/24/18,Universal Studios,1,0,41336,115,"4,753,640",497
3/24/18,Islands of Adventure,1,0,38748,115,"4,456,020",498
3/25/18,Magic Kingdom,1,0,88766,109,"9,675,494",499
3/25/18,Hollywood Studios,1,0,41297,102,"4,212,294",500
3/25/18,Animal Kingdom,1,0,32042,102,"3,268,284",501
3/25/18,Epcot,1,0,37080,102,"3,782,160",502
3/25/18,Universal Studios,1,0,44683,115,"5,138,545",503
3/25/18,Islands of Adventure,1,0,41774,115,"4,804,010",504
3/26/18,Magic Kingdom,0,0,63305,109,"6,900,245",505
3/26/18,Hollywood Studios,0,0,38487,102,"3,925,674",506
3/26/18,Animal Kingdom,0,0,27265,102,"2,781,030",507
3/26/18,Epcot,0,0,26495,102,"2,702,490",508
3/26/18,Universal Studios,0,0,43808,115,"5,037,920",509
3/26/18,Islands of Adventure,0,0,26571,115,"3,055,665",510
3/27/18,Magic Kingdom,0,0,61417,109,"6,694,453",511
3/27/18,Hollywood Studios,0,0,35693,102,"3,640,686",512
3/27/18,Animal Kingdom,0,0,26908,102,"2,744,616",513
3/27/18,Epcot,0,0,27967,102,"2,852,634",514
3/27/18,Universal Studios,0,0,42600,115,"4,899,000",515
3/27/18,Islands of Adventure,0,0,34180,115,"3,930,700",516
3/28/18,Magic Kingdom,0,0,61418,109,"6,694,562",517
3/28/18,Hollywood Studios,0,0,33405,102,"3,407,310",518
3/28/18,Animal Kingdom,0,0,30932,102,"3,155,064",519
3/28/18,Epcot,0,0,29076,102,"2,965,752",520
3/28/18,Universal Studios,0,0,39703,115,"4,565,845",521
3/28/18,Islands of Adventure,0,0,39453,115,"4,537,095",522
3/29/18,Magic Kingdom,0,0,62570,109,"6,820,130",523
3/29/18,Hollywood Studios,0,0,30203,102,"3,080,706",524
3/29/18,Animal Kingdom,0,0,33531,102,"3,420,162",525
3/29/18,Epcot,0,0,28915,102,"2,949,330",526
3/29/18,Universal Studios,0,0,42032,115,"4,833,680",527
3/29/18,Islands of Adventure,0,0,37439,115,"4,305,485",528
3/30/18,Magic Kingdom,0,0,61098,109,"6,659,682",529
3/30/18,Hollywood Studios,0,0,35741,102,"3,645,582",530
3/30/18,Animal Kingdom,0,0,33561,102,"3,423,222",531
3/30/18,Epcot,0,0,29045,102,"2,962,590",532
3/30/18,Universal Studios,0,0,35360,115,"4,066,400",533
3/30/18,Islands of Adventure,0,0,28824,115,"3,314,760",534
3/31/18,Magic Kingdom,1,0,79548,109,"8,670,732",535
3/31/18,Hollywood Studios,1,0,41416,102,"4,224,432",536
3/31/18,Animal Kingdom,1,0,36405,102,"3,713,310",537
3/31/18,Epcot,1,0,35597,102,"3,630,894",538
3/31/18,Universal Studios,1,0,43471,115,"4,999,165",539
3/31/18,Islands of Adventure,1,0,37395,115,"4,300,425",540
4/1/18,Magic Kingdom,1,0,88969,109,"9,697,621",541
4/1/18,Hollywood Studios,1,0,42512,102,"4,336,224",542
4/1/18,Animal Kingdom,1,0,33743,102,"3,441,786",543
4/1/18,Epcot,1,0,39599,102,"4,039,098",544
4/1/18,Universal Studios,1,0,49251,115,"5,663,865",545
4/1/18,Islands of Adventure,1,0,44245,115,"5,088,175",546
4/2/18,Magic Kingdom,0,0,61408,109,"6,693,472",547
4/2/18,Hollywood Studios,0,0,37626,102,"3,837,852",548
4/2/18,Animal Kingdom,0,0,34644,102,"3,533,688",549
4/2/18,Epcot,0,0,28701,102,"2,927,502",550
4/2/18,Universal Studios,0,0,41792,115,"4,806,080",551
4/2/18,Islands of Adventure,0,0,38099,115,"4,381,385",552
4/3/18,Magic Kingdom,0,0,62385,109,"6,799,965",553
4/3/18,Hollywood Studios,0,0,34210,102,"3,489,420",554
4/3/18,Animal Kingdom,0,0,30163,102,"3,076,626",555
4/3/18,Epcot,0,0,26393,102,"2,692,086",556
4/3/18,Universal Studios,0,0,37110,115,"4,267,650",557
4/3/18,Islands of Adventure,0,0,25803,115,"2,967,345",558
4/4/18,Magic Kingdom,0,0,63384,109,"6,908,856",559
4/4/18,Hollywood Studios,0,0,32729,102,"3,338,358",560
4/4/18,Animal Kingdom,0,0,29692,102,"3,028,584",561
4/4/18,Epcot,0,0,25508,102,"2,601,816",562
4/4/18,Universal Studios,0,0,35100,115,"4,036,500",563
4/4/18,Islands of Adventure,0,0,31980,115,"3,677,700",564
4/5/18,Magic Kingdom,0,0,63507,109,"6,922,263",565
4/5/18,Hollywood Studios,0,0,34205,102,"3,488,910",566
4/5/18,Animal Kingdom,0,0,33604,102,"3,427,608",567
4/5/18,Epcot,0,0,28332,102,"2,889,864",568
4/5/18,Universal Studios,0,0,38272,115,"4,401,280",569
4/5/18,Islands of Adventure,0,0,25581,115,"2,941,815",570
4/6/18,Magic Kingdom,0,0,63370,109,"6,907,330",571
4/6/18,Hollywood Studios,0,0,34934,102,"3,563,268",572
4/6/18,Animal Kingdom,0,0,27763,102,"2,831,826",573
4/6/18,Epcot,0,0,29127,102,"2,970,954",574
4/6/18,Universal Studios,0,0,40143,115,"4,616,445",575
4/6/18,Islands of Adventure,0,0,31896,115,"3,668,040",576
4/7/18,Magic Kingdom,1,0,82170,109,"8,956,530",577
4/7/18,Hollywood Studios,1,0,41995,102,"4,283,490",578
4/7/18,Animal Kingdom,1,0,30538,102,"3,114,876",579
4/7/18,Epcot,1,0,38390,102,"3,915,780",580
4/7/18,Universal Studios,1,0,51570,115,"5,930,550",581
4/7/18,Islands of Adventure,1,0,38782,115,"4,459,930",582
4/8/18,Magic Kingdom,1,0,88302,109,"9,624,918",583
4/8/18,Hollywood Studios,1,0,36790,102,"3,752,580",584
4/8/18,Animal Kingdom,1,0,38286,102,"3,905,172",585
4/8/18,Epcot,1,0,36606,102,"3,733,812",586
4/8/18,Universal Studios,1,0,53484,115,"6,150,660",587
4/8/18,Islands of Adventure,1,0,41633,115,"4,787,795",588
4/9/18,Magic Kingdom,0,0,62324,109,"6,793,316",589
4/9/18,Hollywood Studios,0,0,30435,102,"3,104,370",590
4/9/18,Animal Kingdom,0,0,30382,102,"3,098,964",591
4/9/18,Epcot,0,0,26079,102,"2,660,058",592
4/9/18,Universal Studios,0,0,44090,115,"5,070,350",593
4/9/18,Islands of Adventure,0,0,30381,115,"3,493,815",594
4/10/18,Magic Kingdom,0,0,64152,109,"6,992,568",595
4/10/18,Hollywood Studios,0,0,35494,102,"3,620,388",596
4/10/18,Animal Kingdom,0,0,25770,102,"2,628,540",597
4/10/18,Epcot,0,0,28226,102,"2,879,052",598
4/10/18,Universal Studios,0,0,43928,115,"5,051,720",599
4/10/18,Islands of Adventure,0,0,34890,115,"4,012,350",600
4/11/18,Magic Kingdom,0,0,60390,109,"6,582,510",601
4/11/18,Hollywood Studios,0,0,31261,102,"3,188,622",602
4/11/18,Animal Kingdom,0,0,26535,102,"2,706,570",603
4/11/18,Epcot,0,0,25180,102,"2,568,360",604
4/11/18,Universal Studios,0,0,37139,115,"4,270,985",605
4/11/18,Islands of Adventure,0,0,32108,115,"3,692,420",606
4/12/18,Magic Kingdom,0,0,60929,109,"6,641,261",607
4/12/18,Hollywood Studios,0,0,38235,102,"3,899,970",608
4/12/18,Animal Kingdom,0,0,31044,102,"3,166,488",609
4/12/18,Epcot,0,0,27239,102,"2,778,378",610
4/12/18,Universal Studios,0,0,40130,115,"4,614,950",611
4/12/18,Islands of Adventure,0,0,37558,115,"4,319,170",612
4/13/18,Magic Kingdom,0,0,60901,109,"6,638,209",613
4/13/18,Hollywood Studios,0,0,33510,102,"3,418,020",614
4/13/18,Animal Kingdom,0,0,34787,102,"3,548,274",615
4/13/18,Epcot,0,0,26796,102,"2,733,192",616
4/13/18,Universal Studios,0,0,41223,115,"4,740,645",617
4/13/18,Islands of Adventure,0,0,27529,115,"3,165,835",618
4/14/18,Magic Kingdom,1,0,87919,109,"9,583,171",619
4/14/18,Hollywood Studios,1,0,40201,102,"4,100,502",620
4/14/18,Animal Kingdom,1,0,33326,102,"3,399,252",621
4/14/18,Epcot,1,0,43707,102,"4,458,114",622
4/14/18,Universal Studios,1,0,40492,115,"4,656,580",623
4/14/18,Islands of Adventure,1,0,40150,115,"4,617,250",624
4/15/18,Magic Kingdom,1,0,82648,109,"9,008,632",625
4/15/18,Hollywood Studios,1,0,38194,102,"3,895,788",626
4/15/18,Animal Kingdom,1,0,39232,102,"4,001,664",627
4/15/18,Epcot,1,0,42269,102,"4,311,438",628
4/15/18,Universal Studios,1,0,46517,115,"5,349,455",629
4/15/18,Islands of Adventure,1,0,37064,115,"4,262,360",630
4/16/18,Magic Kingdom,0,0,61308,109,"6,682,572",631
4/16/18,Hollywood Studios,0,0,32343,102,"3,298,986",632
4/16/18,Animal Kingdom,0,0,34996,102,"3,569,592",633
4/16/18,Epcot,0,0,25731,102,"2,624,562",634
4/16/18,Universal Studios,0,0,35371,115,"4,067,665",635
4/16/18,Islands of Adventure,0,0,25985,115,"2,988,275",636
4/17/18,Magic Kingdom,0,0,63769,109,"6,950,821",637
4/17/18,Hollywood Studios,0,0,34631,102,"3,532,362",638
4/17/18,Animal Kingdom,0,0,26601,102,"2,713,302",639
4/17/18,Epcot,0,0,28152,102,"2,871,504",640
4/17/18,Universal Studios,0,0,42370,115,"4,872,550",641
4/17/18,Islands of Adventure,0,0,28467,115,"3,273,705",642
4/18/18,Magic Kingdom,0,0,64238,109,"7,001,942",643
4/18/18,Hollywood Studios,0,0,32374,102,"3,302,148",644
4/18/18,Animal Kingdom,0,0,27623,102,"2,817,546",645
4/18/18,Epcot,0,0,26653,102,"2,718,606",646
4/18/18,Universal Studios,0,0,35211,115,"4,049,265",647
4/18/18,Islands of Adventure,0,0,38404,115,"4,416,460",648
4/19/18,Magic Kingdom,0,0,64575,109,"7,038,675",649
4/19/18,Hollywood Studios,0,0,33108,102,"3,377,016",650
4/19/18,Animal Kingdom,0,0,27530,102,"2,808,060",651
4/19/18,Epcot,0,0,28982,102,"2,956,164",652
4/19/18,Universal Studios,0,0,40980,115,"4,712,700",653
4/19/18,Islands of Adventure,0,0,37311,115,"4,290,765",654
4/20/18,Magic Kingdom,0,0,63152,109,"6,883,568",655
4/20/18,Hollywood Studios,0,0,32693,102,"3,334,686",656
4/20/18,Animal Kingdom,0,0,25724,102,"2,623,848",657
4/20/18,Epcot,0,0,29026,102,"2,960,652",658
4/20/18,Universal Studios,0,0,37062,115,"4,262,130",659
4/20/18,Islands of Adventure,0,0,32223,115,"3,705,645",660
4/21/18,Magic Kingdom,1,0,76290,109,"8,315,610",661
4/21/18,Hollywood Studios,1,0,39918,102,"4,071,636",662
4/21/18,Animal Kingdom,1,0,34313,102,"3,499,926",663
4/21/18,Epcot,1,0,42188,102,"4,303,176",664
4/21/18,Universal Studios,1,0,41234,115,"4,741,910",665
4/21/18,Islands of Adventure,1,0,42407,115,"4,876,805",666
4/22/18,Magic Kingdom,1,0,87619,109,"9,550,471",667
4/22/18,Hollywood Studios,1,0,37638,102,"3,839,076",668
4/22/18,Animal Kingdom,1,0,35023,102,"3,572,346",669
4/22/18,Epcot,1,0,39548,102,"4,033,896",670
4/22/18,Universal Studios,1,0,47104,115,"5,416,960",671
4/22/18,Islands of Adventure,1,0,42848,115,"4,927,520",672
4/23/18,Magic Kingdom,0,0,63097,109,"6,877,573",673
4/23/18,Hollywood Studios,0,0,30883,102,"3,150,066",674
4/23/18,Animal Kingdom,0,0,25349,102,"2,585,598",675
4/23/18,Epcot,0,0,27333,102,"2,787,966",676
4/23/18,Universal Studios,0,0,36198,115,"4,162,770",677
4/23/18,Islands of Adventure,0,0,35001,115,"4,025,115",678
4/24/18,Magic Kingdom,0,0,60967,109,"6,645,403",679
4/24/18,Hollywood Studios,0,0,30154,102,"3,075,708",680
4/24/18,Animal Kingdom,0,0,26114,102,"2,663,628",681
4/24/18,Epcot,0,0,29056,102,"2,963,712",682
4/24/18,Universal Studios,0,0,35528,115,"4,085,720",683
4/24/18,Islands of Adventure,0,0,29065,115,"3,342,475",684
4/25/18,Magic Kingdom,0,0,60656,109,"6,611,504",685
4/25/18,Hollywood Studios,0,0,34914,102,"3,561,228",686
4/25/18,Animal Kingdom,0,0,32729,102,"3,338,358",687
4/25/18,Epcot,0,0,27899,102,"2,845,698",688
4/25/18,Universal Studios,0,0,40882,115,"4,701,430",689
4/25/18,Islands of Adventure,0,0,30248,115,"3,478,520",690
4/26/18,Magic Kingdom,0,0,60817,109,"6,629,053",691
4/26/18,Hollywood Studios,0,0,30631,102,"3,124,362",692
4/26/18,Animal Kingdom,0,0,29085,102,"2,966,670",693
4/26/18,Epcot,0,0,26241,102,"2,676,582",694
4/26/18,Universal Studios,0,0,36771,115,"4,228,665",695
4/26/18,Islands of Adventure,0,0,35919,115,"4,130,685",696
4/27/18,Magic Kingdom,0,0,61878,109,"6,744,702",697
4/27/18,Hollywood Studios,0,0,37923,102,"3,868,146",698
4/27/18,Animal Kingdom,0,0,25841,102,"2,635,782",699
4/27/18,Epcot,0,0,25035,102,"2,553,570",700
4/27/18,Universal Studios,0,0,40755,115,"4,686,825",701
4/27/18,Islands of Adventure,0,0,27034,115,"3,108,910",702
4/28/18,Magic Kingdom,1,0,81855,109,"8,922,195",703
4/28/18,Hollywood Studios,1,0,35968,102,"3,668,736",704
4/28/18,Animal Kingdom,1,0,36720,102,"3,745,440",705
4/28/18,Epcot,1,0,44340,102,"4,522,680",706
4/28/18,Universal Studios,1,0,45227,115,"5,201,105",707
4/28/18,Islands of Adventure,1,0,38705,115,"4,451,075",708
4/29/18,Magic Kingdom,1,0,75552,109,"8,235,168",709
4/29/18,Hollywood Studios,1,0,44901,102,"4,579,902",710
4/29/18,Animal Kingdom,1,0,38501,102,"3,927,102",711
4/29/18,Epcot,1,0,37390,102,"3,813,780",712
4/29/18,Universal Studios,1,0,40132,115,"4,615,180",713
4/29/18,Islands of Adventure,1,0,42141,115,"4,846,215",714
4/30/18,Magic Kingdom,0,0,63832,109,"6,957,688",715
4/30/18,Hollywood Studios,0,0,38167,102,"3,893,034",716
4/30/18,Animal Kingdom,0,0,32310,102,"3,295,620",717
4/30/18,Epcot,0,0,25185,102,"2,568,870",718
4/30/18,Universal Studios,0,0,43702,115,"5,025,730",719
4/30/18,Islands of Adventure,0,0,34383,115,"3,954,045",720
5/1/18,Magic Kingdom,0,0,63009,109,"6,867,981",721
5/1/18,Hollywood Studios,0,0,30840,102,"3,145,680",722
5/1/18,Animal Kingdom,0,0,27124,102,"2,766,648",723
5/1/18,Epcot,0,0,28975,102,"2,955,450",724
5/1/18,Universal Studios,0,0,35834,115,"4,120,910",725
5/1/18,Islands of Adventure,0,0,32951,115,"3,789,365",726
5/2/18,Magic Kingdom,0,0,60693,109,"6,615,537",727
5/2/18,Hollywood Studios,0,0,32421,102,"3,306,942",728
5/2/18,Animal Kingdom,0,0,27289,102,"2,783,478",729
5/2/18,Epcot,0,0,25774,102,"2,628,948",730
5/2/18,Universal Studios,0,0,38716,115,"4,452,340",731
5/2/18,Islands of Adventure,0,0,33640,115,"3,868,600",732
5/3/18,Magic Kingdom,0,0,62072,109,"6,765,848",733
5/3/18,Hollywood Studios,0,0,34729,102,"3,542,358",734
5/3/18,Animal Kingdom,0,0,30600,102,"3,121,200",735
5/3/18,Epcot,0,0,29103,102,"2,968,506",736
5/3/18,Universal Studios,0,0,43060,115,"4,951,900",737
5/3/18,Islands of Adventure,0,0,30960,115,"3,560,400",738
5/4/18,Magic Kingdom,0,0,62245,109,"6,784,705",739
5/4/18,Hollywood Studios,0,0,36282,102,"3,700,764",740
5/4/18,Animal Kingdom,0,0,25743,102,"2,625,786",741
5/4/18,Epcot,0,0,28956,102,"2,953,512",742
5/4/18,Universal Studios,0,0,43914,115,"5,050,110",743
5/4/18,Islands of Adventure,0,0,27148,115,"3,122,020",744
5/5/18,Magic Kingdom,1,0,86114,109,"9,386,426",745
5/5/18,Hollywood Studios,1,0,42303,102,"4,314,906",746
5/5/18,Animal Kingdom,1,0,34763,102,"3,545,826",747
5/5/18,Epcot,1,0,39699,102,"4,049,298",748
5/5/18,Universal Studios,1,0,50458,115,"5,802,670",749
5/5/18,Islands of Adventure,1,0,43948,115,"5,054,020",750
5/6/18,Magic Kingdom,1,0,86086,109,"9,383,374",751
5/6/18,Hollywood Studios,1,0,37479,102,"3,822,858",752
5/6/18,Animal Kingdom,1,0,39854,102,"4,065,108",753
5/6/18,Epcot,1,0,38529,102,"3,929,958",754
5/6/18,Universal Studios,1,0,54269,115,"6,240,935",755
5/6/18,Islands of Adventure,1,0,41056,115,"4,721,440",756
5/7/18,Magic Kingdom,0,0,63538,109,"6,925,642",757
5/7/18,Hollywood Studios,0,0,38735,102,"3,950,970",758
5/7/18,Animal Kingdom,0,0,27768,102,"2,832,336",759
5/7/18,Epcot,0,0,26944,102,"2,748,288",760
5/7/18,Universal Studios,0,0,39550,115,"4,548,250",761
5/7/18,Islands of Adventure,0,0,36478,115,"4,194,970",762
5/8/18,Magic Kingdom,0,0,62684,109,"6,832,556",763
5/8/18,Hollywood Studios,0,0,39850,102,"4,064,700",764
5/8/18,Animal Kingdom,0,0,31444,102,"3,207,288",765
5/8/18,Epcot,0,0,29129,102,"2,971,158",766
5/8/18,Universal Studios,0,0,42220,115,"4,855,300",767
5/8/18,Islands of Adventure,0,0,32935,115,"3,787,525",768
5/9/18,Magic Kingdom,0,0,61758,109,"6,731,622",769
5/9/18,Hollywood Studios,0,0,34190,102,"3,487,380",770
5/9/18,Animal Kingdom,0,0,30922,102,"3,154,044",771
5/9/18,Epcot,0,0,27520,102,"2,807,040",772
5/9/18,Universal Studios,0,0,36426,115,"4,188,990",773
5/9/18,Islands of Adventure,0,0,27889,115,"3,207,235",774
5/10/18,Magic Kingdom,0,0,60398,109,"6,583,382",775
5/10/18,Hollywood Studios,0,0,35028,102,"3,572,856",776
5/10/18,Animal Kingdom,0,0,26645,102,"2,717,790",777
5/10/18,Epcot,0,0,27062,102,"2,760,324",778
5/10/18,Universal Studios,0,0,40634,115,"4,672,910",779
5/10/18,Islands of Adventure,0,0,36973,115,"4,251,895",780
5/11/18,Magic Kingdom,0,0,61957,109,"6,753,313",781
5/11/18,Hollywood Studios,0,0,31415,102,"3,204,330",782
5/11/18,Animal Kingdom,0,0,26012,102,"2,653,224",783
5/11/18,Epcot,0,0,26104,102,"2,662,608",784
5/11/18,Universal Studios,0,0,35442,115,"4,075,830",785
5/11/18,Islands of Adventure,0,0,25685,115,"2,953,775",786
5/12/18,Magic Kingdom,1,0,78568,109,"8,563,912",787
5/12/18,Hollywood Studios,1,0,42094,102,"4,293,588",788
5/12/18,Animal Kingdom,1,0,34808,102,"3,550,416",789
5/12/18,Epcot,1,0,37264,102,"3,800,928",790
5/12/18,Universal Studios,1,0,40725,115,"4,683,375",791
5/12/18,Islands of Adventure,1,0,38915,115,"4,475,225",792
5/13/18,Magic Kingdom,1,0,87186,109,"9,503,274",793
5/13/18,Hollywood Studios,1,0,44049,102,"4,492,998",794
5/13/18,Animal Kingdom,1,0,34871,102,"3,556,842",795
5/13/18,Epcot,1,0,43515,102,"4,438,530",796
5/13/18,Universal Studios,1,0,43949,115,"5,054,135",797
5/13/18,Islands of Adventure,1,0,42711,115,"4,911,765",798
5/14/18,Magic Kingdom,0,0,60129,109,"6,554,061",799
5/14/18,Hollywood Studios,0,0,30214,102,"3,081,828",800
5/14/18,Animal Kingdom,0,0,27012,102,"2,755,224",801
5/14/18,Epcot,0,0,25645,102,"2,615,790",802
5/14/18,Universal Studios,0,0,43738,115,"5,029,870",803
5/14/18,Islands of Adventure,0,0,26893,115,"3,092,695",804
5/15/18,Magic Kingdom,0,0,64977,109,"7,082,493",805
5/15/18,Hollywood Studios,0,0,38242,102,"3,900,684",806
5/15/18,Animal Kingdom,0,0,25307,102,"2,581,314",807
5/15/18,Epcot,0,0,27550,102,"2,810,100",808
5/15/18,Universal Studios,0,0,41089,115,"4,725,235",809
5/15/18,Islands of Adventure,0,0,37002,115,"4,255,230",810
5/16/18,Magic Kingdom,0,0,60905,109,"6,638,645",811
5/16/18,Hollywood Studios,0,0,31173,102,"3,179,646",812
5/16/18,Animal Kingdom,0,0,29952,102,"3,055,104",813
5/16/18,Epcot,0,0,28478,102,"2,904,756",814
5/16/18,Universal Studios,0,0,39846,115,"4,582,290",815
5/16/18,Islands of Adventure,0,0,39270,115,"4,516,050",816
5/17/18,Magic Kingdom,0,0,64903,109,"7,074,427",817
5/17/18,Hollywood Studios,0,0,39913,102,"4,071,126",818
5/17/18,Animal Kingdom,0,0,30321,102,"3,092,742",819
5/17/18,Epcot,0,0,27638,102,"2,819,076",820
5/17/18,Universal Studios,0,0,38820,115,"4,464,300",821
5/17/18,Islands of Adventure,0,0,30372,115,"3,492,780",822
5/18/18,Magic Kingdom,0,0,60173,109,"6,558,857",823
5/18/18,Hollywood Studios,0,0,37285,102,"3,803,070",824
5/18/18,Animal Kingdom,0,0,34760,102,"3,545,520",825
5/18/18,Epcot,0,0,27380,102,"2,792,760",826
5/18/18,Universal Studios,0,0,41196,115,"4,737,540",827
5/18/18,Islands of Adventure,0,0,31904,115,"3,668,960",828
5/19/18,Magic Kingdom,1,0,82100,109,"8,948,900",829
5/19/18,Hollywood Studios,1,0,40883,102,"4,170,066",830
5/19/18,Animal Kingdom,1,0,30769,102,"3,138,438",831
5/19/18,Epcot,1,0,43452,102,"4,432,104",832
5/19/18,Universal Studios,1,0,48985,115,"5,633,275",833
5/19/18,Islands of Adventure,1,0,41325,115,"4,752,375",834
5/20/18,Magic Kingdom,1,0,83173,109,"9,065,857",835
5/20/18,Hollywood Studios,1,0,37269,102,"3,801,438",836
5/20/18,Animal Kingdom,1,0,38693,102,"3,946,686",837
5/20/18,Epcot,1,0,42482,102,"4,333,164",838
5/20/18,Universal Studios,1,0,40023,115,"4,602,645",839
5/20/18,Islands of Adventure,1,0,43052,115,"4,950,980",840
5/21/18,Magic Kingdom,0,0,60086,109,"6,549,374",841
5/21/18,Hollywood Studios,0,0,38709,102,"3,948,318",842
5/21/18,Animal Kingdom,0,0,33687,102,"3,436,074",843
5/21/18,Epcot,0,0,29589,102,"3,018,078",844
5/21/18,Universal Studios,0,0,38246,115,"4,398,290",845
5/21/18,Islands of Adventure,0,0,28648,115,"3,294,520",846
5/22/18,Magic Kingdom,0,0,63851,109,"6,959,759",847
5/22/18,Hollywood Studios,0,0,38901,102,"3,967,902",848
5/22/18,Animal Kingdom,0,0,25642,102,"2,615,484",849
5/22/18,Epcot,0,0,27866,102,"2,842,332",850
5/22/18,Universal Studios,0,0,38556,115,"4,433,940",851
5/22/18,Islands of Adventure,0,0,27591,115,"3,172,965",852
5/23/18,Magic Kingdom,0,0,61264,109,"6,677,776",853
5/23/18,Hollywood Studios,0,0,36008,102,"3,672,816",854
5/23/18,Animal Kingdom,0,0,25973,102,"2,649,246",855
5/23/18,Epcot,0,0,29197,102,"2,978,094",856
5/23/18,Universal Studios,0,0,44109,115,"5,072,535",857
5/23/18,Islands of Adventure,0,0,38711,115,"4,451,765",858
5/24/18,Magic Kingdom,0,0,63295,109,"6,899,155",859
5/24/18,Hollywood Studios,0,0,32709,102,"3,336,318",860
5/24/18,Animal Kingdom,0,0,34411,102,"3,509,922",861
5/24/18,Epcot,0,0,26843,102,"2,737,986",862
5/24/18,Universal Studios,0,0,44853,115,"5,158,095",863
5/24/18,Islands of Adventure,0,0,38708,115,"4,451,420",864
5/25/18,Magic Kingdom,0,0,63009,109,"6,867,981",865
5/25/18,Hollywood Studios,0,0,34077,102,"3,475,854",866
5/25/18,Animal Kingdom,0,0,26990,102,"2,752,980",867
5/25/18,Epcot,0,0,27190,102,"2,773,380",868
5/25/18,Universal Studios,0,0,37176,115,"4,275,240",869
5/25/18,Islands of Adventure,0,0,37971,115,"4,366,665",870
5/26/18,Magic Kingdom,1,0,86833,109,"9,464,797",871
5/26/18,Hollywood Studios,1,0,44998,102,"4,589,796",872
5/26/18,Animal Kingdom,1,0,38298,102,"3,906,396",873
5/26/18,Epcot,1,0,39665,102,"4,045,830",874
5/26/18,Universal Studios,1,0,54006,115,"6,210,690",875
5/26/18,Islands of Adventure,1,0,42218,115,"4,855,070",876
5/27/18,Magic Kingdom,1,0,78865,109,"8,596,285",877
5/27/18,Hollywood Studios,1,0,40761,102,"4,157,622",878
5/27/18,Animal Kingdom,1,0,35709,102,"3,642,318",879
5/27/18,Epcot,1,0,38085,102,"3,884,670",880
5/27/18,Universal Studios,1,0,53217,115,"6,119,955",881
5/27/18,Islands of Adventure,1,0,37869,115,"4,354,935",882
5/28/18,Magic Kingdom,0,1,78037,129,"10,066,773",883
5/28/18,Hollywood Studios,0,1,42848,122,"5,227,456",884
5/28/18,Animal Kingdom,0,1,36901,122,"4,501,922",885
5/28/18,Epcot,0,1,44906,122,"5,478,532",886
5/28/18,Universal Studios,0,1,51616,124,"6,400,384",887
5/28/18,Islands of Adventure,0,1,39175,124,"4,857,700",888
5/29/18,Magic Kingdom,0,0,64151,109,"6,992,459",889
5/29/18,Hollywood Studios,0,0,35166,102,"3,586,932",890
5/29/18,Animal Kingdom,0,0,28565,102,"2,913,630",891
5/29/18,Epcot,0,0,26818,102,"2,735,436",892
5/29/18,Universal Studios,0,0,35952,115,"4,134,480",893
5/29/18,Islands of Adventure,0,0,34978,115,"4,022,470",894
5/30/18,Magic Kingdom,0,0,60376,109,"6,580,984",895
5/30/18,Hollywood Studios,0,0,31149,102,"3,177,198",896
5/30/18,Animal Kingdom,0,0,31036,102,"3,165,672",897
5/30/18,Epcot,0,0,28945,102,"2,952,390",898
5/30/18,Universal Studios,0,0,36362,115,"4,181,630",899
5/30/18,Islands of Adventure,0,0,33580,115,"3,861,700",900
5/31/18,Magic Kingdom,0,0,63308,109,"6,900,572",901
5/31/18,Hollywood Studios,0,0,37104,102,"3,784,608",902
5/31/18,Animal Kingdom,0,0,34894,102,"3,559,188",903
5/31/18,Epcot,0,0,25372,102,"2,587,944",904
5/31/18,Universal Studios,0,0,39068,115,"4,492,820",905
5/31/18,Islands of Adventure,0,0,34348,115,"3,950,020",906
6/1/18,Magic Kingdom,0,0,63963,109,"6,971,967",907
6/1/18,Hollywood Studios,0,0,39972,102,"4,077,144",908
6/1/18,Animal Kingdom,0,0,30441,102,"3,104,982",909
6/1/18,Epcot,0,0,27967,102,"2,852,634",910
6/1/18,Universal Studios,0,0,39146,115,"4,501,790",911
6/1/18,Islands of Adventure,0,0,30124,115,"3,464,260",912
6/2/18,Magic Kingdom,1,0,75987,109,"8,282,583",913
6/2/18,Hollywood Studios,1,0,40282,102,"4,108,764",914
6/2/18,Animal Kingdom,1,0,36506,102,"3,723,612",915
6/2/18,Epcot,1,0,44469,102,"4,535,838",916
6/2/18,Universal Studios,1,0,48011,115,"5,521,265",917
6/2/18,Islands of Adventure,1,0,42243,115,"4,857,945",918
6/3/18,Magic Kingdom,1,0,81717,109,"8,907,153",919
6/3/18,Hollywood Studios,1,0,37731,102,"3,848,562",920
6/3/18,Animal Kingdom,1,0,32438,102,"3,308,676",921
6/3/18,Epcot,1,0,35221,102,"3,592,542",922
6/3/18,Universal Studios,1,0,45085,115,"5,184,775",923
6/3/18,Islands of Adventure,1,0,42889,115,"4,932,235",924
6/4/18,Magic Kingdom,0,0,63532,109,"6,924,988",925
6/4/18,Hollywood Studios,0,0,39832,102,"4,062,864",926
6/4/18,Animal Kingdom,0,0,30583,102,"3,119,466",927
6/4/18,Epcot,0,0,29862,102,"3,045,924",928
6/4/18,Universal Studios,0,0,43480,115,"5,000,200",929
6/4/18,Islands of Adventure,0,0,26823,115,"3,084,645",930
6/5/18,Magic Kingdom,0,0,62045,109,"6,762,905",931
6/5/18,Hollywood Studios,0,0,34777,102,"3,547,254",932
6/5/18,Animal Kingdom,0,0,32243,102,"3,288,786",933
6/5/18,Epcot,0,0,26593,102,"2,712,486",934
6/5/18,Universal Studios,0,0,35423,115,"4,073,645",935
6/5/18,Islands of Adventure,0,0,36767,115,"4,228,205",936
6/6/18,Magic Kingdom,0,0,61572,109,"6,711,348",937
6/6/18,Hollywood Studios,0,0,35231,102,"3,593,562",938
6/6/18,Animal Kingdom,0,0,28716,102,"2,929,032",939
6/6/18,Epcot,0,0,26002,102,"2,652,204",940
6/6/18,Universal Studios,0,0,39225,115,"4,510,875",941
6/6/18,Islands of Adventure,0,0,37096,115,"4,266,040",942
6/7/18,Magic Kingdom,0,0,64500,109,"7,030,500",943
6/7/18,Hollywood Studios,0,0,33447,102,"3,411,594",944
6/7/18,Animal Kingdom,0,0,29476,102,"3,006,552",945
6/7/18,Epcot,0,0,27712,102,"2,826,624",946
6/7/18,Universal Studios,0,0,42936,115,"4,937,640",947
6/7/18,Islands of Adventure,0,0,36151,115,"4,157,365",948
6/8/18,Magic Kingdom,0,0,63415,109,"6,912,235",949
6/8/18,Hollywood Studios,0,0,31415,102,"3,204,330",950
6/8/18,Animal Kingdom,0,0,27761,102,"2,831,622",951
6/8/18,Epcot,0,0,27831,102,"2,838,762",952
6/8/18,Universal Studios,0,0,42996,115,"4,944,540",953
6/8/18,Islands of Adventure,0,0,37053,115,"4,261,095",954
6/9/18,Magic Kingdom,1,0,77744,109,"8,474,096",955
6/9/18,Hollywood Studios,1,0,42359,102,"4,320,618",956
6/9/18,Animal Kingdom,1,0,38918,102,"3,969,636",957
6/9/18,Epcot,1,0,40676,102,"4,148,952",958
6/9/18,Universal Studios,1,0,53418,115,"6,143,070",959
6/9/18,Islands of Adventure,1,0,41913,115,"4,819,995",960
6/10/18,Magic Kingdom,1,0,80292,109,"8,751,828",961
6/10/18,Hollywood Studios,1,0,35274,102,"3,597,948",962
6/10/18,Animal Kingdom,1,0,35149,102,"3,585,198",963
6/10/18,Epcot,1,0,37951,102,"3,871,002",964
6/10/18,Universal Studios,1,0,49228,115,"5,661,220",965
6/10/18,Islands of Adventure,1,0,35409,115,"4,072,035",966
6/11/18,Magic Kingdom,0,0,60867,109,"6,634,503",967
6/11/18,Hollywood Studios,0,0,33852,102,"3,452,904",968
6/11/18,Animal Kingdom,0,0,30141,102,"3,074,382",969
6/11/18,Epcot,0,0,25953,102,"2,647,206",970
6/11/18,Universal Studios,0,0,37613,115,"4,325,495",971
6/11/18,Islands of Adventure,0,0,26534,115,"3,051,410",972
6/12/18,Magic Kingdom,0,0,63069,109,"6,874,521",973
6/12/18,Hollywood Studios,0,0,34599,102,"3,529,098",974
6/12/18,Animal Kingdom,0,0,29924,102,"3,052,248",975
6/12/18,Epcot,0,0,29676,102,"3,026,952",976
6/12/18,Universal Studios,0,0,35682,115,"4,103,430",977
6/12/18,Islands of Adventure,0,0,31768,115,"3,653,320",978
6/13/18,Magic Kingdom,0,0,63305,109,"6,900,245",979
6/13/18,Hollywood Studios,0,0,31964,102,"3,260,328",980
6/13/18,Animal Kingdom,0,0,31589,102,"3,222,078",981
6/13/18,Epcot,0,0,26942,102,"2,748,084",982
6/13/18,Universal Studios,0,0,36592,115,"4,208,080",983
6/13/18,Islands of Adventure,0,0,30947,115,"3,558,905",984
6/14/18,Magic Kingdom,0,0,60710,109,"6,617,390",985
6/14/18,Hollywood Studios,0,0,37598,102,"3,834,996",986
6/14/18,Animal Kingdom,0,0,30152,102,"3,075,504",987
6/14/18,Epcot,0,0,27923,102,"2,848,146",988
6/14/18,Universal Studios,0,0,41182,115,"4,735,930",989
6/14/18,Islands of Adventure,0,0,28138,115,"3,235,870",990
6/15/18,Magic Kingdom,0,0,60671,109,"6,613,139",991
6/15/18,Hollywood Studios,0,0,31416,102,"3,204,432",992
6/15/18,Animal Kingdom,0,0,33200,102,"3,386,400",993
6/15/18,Epcot,0,0,26538,102,"2,706,876",994
6/15/18,Universal Studios,0,0,40393,115,"4,645,195",995
6/15/18,Islands of Adventure,0,0,29172,115,"3,354,780",996
6/16/18,Magic Kingdom,1,0,76483,109,"8,336,647",997
6/16/18,Hollywood Studios,1,0,41143,102,"4,196,586",998
6/16/18,Animal Kingdom,1,0,33314,102,"3,398,028",999
6/16/18,Epcot,1,0,38889,102,"3,966,678",1000